study_hours,attendance,previous_grade,parental_support,extracurricular,sleep_hours,assignments_completed,age,year,performance,final_grade
3.6,95.0,26.2,5,1,5.8,84.9,19,2024,Low,40.1
3.9,93.2,75.9,4,4,9.2,79.7,18,2024,High,69.2
4.6,92.7,75.1,3,1,9.0,81.6,17,2024,Medium,63.6
4.7,71.4,48.0,2,2,5.7,73.8,16,2024,Low,52.3
8.0,77.9,39.4,4,0,6.9,62.9,19,2024,Medium,56.2
6.6,87.3,74.8,3,3,6.2,72.5,17,2024,Medium,58.2
3.8,86.8,94.3,5,3,9.2,63.0,17,2024,High,83.7
5.2,88.3,62.1,2,3,4.8,23.5,18,2024,Low,56.7
0.1,55.2,62.7,1,4,7.6,77.8,19,2024,Low,41.8
11.0,96.8,100.0,3,2,8.5,73.3,16,2024,High,93.7
6.0,56.2,82.3,2,2,6.3,100.0,17,2024,Low,57.1
8.5,69.5,48.6,2,3,7.0,90.4,15,2024,Low,50.8
8.0,82.7,56.6,4,3,8.3,86.6,19,2024,High,61.6
5.9,79.6,100.0,3,2,5.7,60.0,15,2024,High,81.8
0.0,99.9,57.4,4,4,7.8,96.4,19,2024,Low,62.6
4.6,63.6,59.5,4,0,5.1,80.5,16,2024,Low,57.1
6.9,74.9,78.7,2,3,5.1,71.6,19,2024,Low,63.9
6.2,52.4,63.8,3,1,8.0,63.9,17,2024,Low,50.1
8.6,81.8,75.1,2,2,5.8,66.2,17,2024,Medium,66.5
6.0,77.1,72.6,3,4,7.2,73.4,15,2024,High,70.7
10.6,62.6,65.7,2,2,5.6,59.5,16,2024,Medium,61.8
3.4,98.3,87.3,2,4,7.3,78.7,17,2024,Low,65.6
7.3,95.1,47.6,3,2,5.0,75.0,15,2024,Medium,53.1
3.4,81.0,69.9,1,3,8.6,90.4,17,2024,Medium,59.9
8.3,95.9,58.7,4,3,8.0,75.3,18,2024,High,62.4
4.1,78.7,94.3,2,1,6.3,45.2,15,2024,Low,66.0
1.6,90.0,65.2,4,4,4.8,72.4,17,2024,Low,60.3
2.3,92.1,98.8,4,1,6.8,57.7,15,2024,Medium,72.9
4.8,65.0,61.3,5,2,6.6,67.3,18,2024,Low,54.0
9.9,86.1,69.7,4,4,6.3,61.0,16,2024,High,72.4
7.9,82.4,85.4,4,0,8.3,100.0,15,2024,High,72.7
7.1,65.7,52.7,3,2,8.5,71.9,18,2024,Low,54.1
5.8,62.1,92.1,3,1,7.5,90.9,17,2024,Medium,71.2
3.2,87.0,68.4,3,1,8.8,72.5,15,2024,Low,67.4
3.7,76.1,74.6,4,1,4.0,73.9,17,2024,Medium,63.3
4.6,59.5,76.7,4,4,6.6,69.4,18,2024,Medium,64.6
4.4,88.1,66.8,4,2,6.6,65.5,17,2024,Medium,61.2
4.4,93.1,55.0,4,1,8.0,65.9,16,2024,Medium,56.6
3.6,63.6,69.5,5,4,6.6,84.7,17,2024,Medium,64.0
6.0,80.0,35.8,4,2,7.7,76.9,19,2024,Low,46.9
4.1,100.0,47.0,5,3,6.4,100.0,17,2024,Medium,63.8
8.8,67.2,65.8,4,2,6.2,74.0,16,2024,Medium,69.8
8.8,100.0,92.8,4,3,8.0,73.0,18,2024,High,88.4
7.5,75.5,92.3,5,1,7.0,78.7,15,2024,High,81.5
7.2,79.0,83.7,4,3,7.4,88.9,16,2024,High,73.1
2.1,60.5,43.4,2,4,5.5,80.1,16,2024,Low,39.7
11.7,61.0,72.8,2,1,7.8,100.0,17,2024,Medium,77.5
5.3,70.8,54.2,3,2,5.7,100.0,17,2024,Low,46.4
8.0,92.4,66.9,4,5,9.1,92.7,18,2024,High,73.6
8.1,100.0,83.3,1,1,6.7,84.8,17,2024,Medium,64.1
3.4,100.0,78.5,2,0,6.5,42.0,16,2024,Low,60.5
4.4,78.3,88.5,2,0,8.1,100.0,16,2024,Medium,64.0
7.0,75.0,45.5,1,1,6.9,100.0,18,2024,Low,59.7
2.1,66.2,51.6,4,2,7.9,100.0,15,2024,Low,51.7
5.8,95.6,92.1,3,1,6.6,92.3,17,2024,High,85.5
0.0,69.8,92.3,4,1,7.9,60.9,16,2024,Low,62.5
6.0,76.7,67.7,2,3,6.9,60.6,16,2024,Low,67.5
9.4,87.0,67.6,3,3,8.0,58.4,15,2024,High,62.6
6.0,86.3,86.8,2,2,8.4,79.4,19,2024,Medium,77.0
2.3,71.5,76.5,1,2,5.1,65.4,15,2024,Low,54.6
4.6,78.7,77.7,4,5,7.4,93.5,15,2024,High,73.8
7.5,71.8,53.2,3,5,9.2,67.7,16,2024,High,70.1
6.4,68.3,86.4,3,5,7.7,72.1,17,2024,High,79.5
7.1,65.6,64.8,2,4,9.9,82.8,19,2024,Medium,59.3
5.6,59.4,45.7,4,3,5.9,69.4,16,2024,Medium,53.2
4.1,85.1,55.5,4,2,7.3,61.7,18,2024,Medium,54.9
6.3,76.6,58.4,2,5,7.6,45.4,17,2024,Medium,66.5
6.2,64.1,91.6,3,3,6.4,94.8,17,2024,High,72.6
8.6,62.8,56.9,3,3,5.5,61.4,16,2024,Medium,59.1
4.8,62.6,74.2,5,3,9.6,71.1,16,2024,Medium,68.8
6.1,71.4,34.2,3,2,8.3,71.3,16,2024,Medium,51.7
5.6,95.8,83.0,5,2,7.7,40.9,16,2024,High,81.8
11.7,70.5,55.3,4,2,7.1,83.2,15,2024,High,71.2
4.1,87.8,74.3,2,1,7.2,100.0,19,2024,Low,66.8
5.0,100.0,74.2,3,2,7.8,95.3,17,2024,High,67.1
3.6,82.4,78.1,4,2,8.7,71.2,17,2024,High,75.3
9.3,69.3,73.3,4,4,6.2,97.0,17,2024,High,77.2
9.4,78.7,98.6,4,2,7.1,46.8,16,2024,High,78.5
5.5,79.4,71.3,3,4,6.6,93.0,17,2024,Medium,66.1
9.0,100.0,100.0,5,2,5.7,64.8,15,2024,High,84.0
6.8,55.7,78.2,3,4,6.3,95.4,19,2024,Medium,76.7
7.8,95.6,72.4,2,0,7.3,78.6,17,2024,Medium,65.4
3.5,55.6,82.3,5,2,6.6,56.3,15,2024,Medium,69.0
6.4,91.4,71.1,4,2,7.0,82.4,17,2024,Medium,73.6
10.7,74.3,75.2,4,1,7.9,78.0,15,2024,High,72.6
9.7,100.0,73.6,4,0,8.4,82.3,18,2024,High,73.2
8.0,89.4,72.0,3,3,10.2,63.6,19,2024,High,80.1
8.4,88.0,100.0,3,2,7.9,56.9,19,2024,High,71.8
12.0,66.8,100.0,5,4,6.3,89.0,17,2024,High,86.7
8.0,100.0,73.2,3,3,8.3,76.8,18,2024,High,74.9
4.3,100.0,88.2,2,2,6.6,88.3,16,2024,Medium,74.2
9.0,100.0,87.2,3,3,6.2,88.0,15,2024,High,80.4
5.8,66.0,85.5,5,0,7.7,90.7,18,2024,Medium,75.2
7.2,77.3,76.7,2,2,8.7,100.0,17,2024,Medium,76.0
6.3,63.4,78.6,4,3,6.3,81.6,19,2024,Medium,69.5
4.2,71.5,77.1,3,1,7.4,60.1,19,2024,Low,58.5
6.8,84.0,56.5,4,3,7.5,64.1,16,2024,High,69.7
8.4,90.2,67.0,3,2,5.9,72.8,16,2024,Medium,76.3
7.8,87.5,48.9,4,2,5.3,81.8,17,2024,Low,59.1
7.2,55.9,77.2,3,3,5.3,100.0,17,2024,Medium,72.2
5.5,79.5,74.9,2,2,8.5,75.5,15,2024,Medium,57.6
1.9,87.2,79.2,2,1,6.4,100.0,17,2024,Low,61.4
5.9,93.3,55.6,4,1,6.2,100.0,15,2024,Medium,52.8
7.4,86.0,83.4,4,3,7.4,85.7,17,2024,High,73.5
0.6,86.8,75.5,3,0,8.6,89.3,15,2024,Low,66.0
5.8,76.7,100.0,4,3,5.6,69.7,17,2024,High,74.5
5.8,83.8,80.9,4,2,4.7,100.0,16,2024,High,82.9
3.7,100.0,58.4,2,3,8.8,66.5,17,2024,Medium,60.5
7.9,96.9,46.4,4,2,7.6,99.6,19,2024,High,67.2
8.4,85.1,71.5,3,1,5.7,59.4,16,2024,Medium,70.3
10.5,90.2,51.5,3,3,6.5,89.5,18,2024,High,75.1
5.9,81.1,56.2,3,1,5.8,98.1,17,2024,Low,59.9
9.2,81.0,52.5,4,1,7.8,94.4,18,2024,Medium,57.0
4.0,93.3,58.7,3,1,8.2,69.6,16,2024,Medium,64.6
5.1,71.6,91.3,2,2,7.8,73.1,15,2024,Medium,58.3
7.7,78.2,52.5,4,1,7.2,100.0,19,2024,Medium,53.2
4.4,60.8,61.2,5,4,7.5,68.9,16,2024,Medium,59.0
5.6,90.9,45.1,4,0,6.1,69.5,16,2024,Medium,47.2
8.1,95.0,40.7,3,3,6.5,100.0,19,2024,High,69.8
6.0,88.4,63.5,2,2,7.0,76.9,16,2024,Medium,67.8
3.7,76.7,71.3,4,3,6.7,77.0,17,2024,Medium,69.3
4.5,79.4,49.6,4,3,7.0,100.0,18,2024,Medium,66.0
5.3,82.1,43.7,4,1,5.1,66.4,18,2024,Low,54.1
7.5,95.3,38.1,5,3,8.1,64.8,15,2024,Medium,61.8
5.2,94.5,70.3,4,2,5.7,81.2,16,2024,High,75.6
0.0,59.9,83.0,4,3,4.5,78.6,18,2024,Low,56.3
8.0,67.7,45.1,3,4,6.1,64.0,17,2024,Low,59.4
7.6,86.1,57.6,3,1,6.7,92.5,17,2024,Medium,67.6
3.3,61.3,85.3,3,2,9.4,78.3,17,2024,Low,60.9
3.2,92.9,64.6,4,2,6.4,79.2,18,2024,Low,57.3
9.4,76.1,66.4,4,2,7.3,77.9,16,2024,High,66.2
5.4,89.9,74.1,3,1,7.4,59.2,16,2024,Medium,69.6
7.9,80.5,60.9,2,1,5.2,63.3,19,2024,Low,61.5
4.3,78.6,55.6,4,4,6.9,49.5,16,2024,Medium,60.8
7.6,64.8,72.9,3,0,6.7,98.5,19,2024,Low,57.3
3.7,72.3,45.9,2,1,7.1,78.0,19,2024,Low,54.3
7.1,78.4,42.2,2,1,7.5,95.9,18,2024,Low,47.0
6.9,77.9,56.9,5,2,8.0,69.9,17,2024,Medium,65.2
0.8,90.1,79.4,2,3,6.0,98.7,15,2024,Low,68.1
6.3,71.0,86.6,3,2,7.6,48.9,17,2024,Low,59.1
4.2,79.6,60.4,4,2,6.1,95.5,18,2024,Low,61.4
8.7,100.0,81.3,3,3,5.9,76.6,18,2024,High,81.2
6.6,91.5,90.1,3,3,9.1,53.1,16,2024,High,76.4
5.4,81.5,68.6,4,1,4.8,27.2,17,2024,Low,61.5
9.8,59.6,78.2,5,1,6.4,87.0,17,2024,High,71.6
1.2,60.8,97.9,3,2,7.3,95.8,17,2024,Low,74.0
10.8,88.9,56.7,3,3,6.3,79.1,18,2024,High,67.1
10.7,90.4,64.1,3,2,7.2,88.9,17,2024,High,71.2
5.0,52.8,93.6,3,1,5.4,86.0,15,2024,Low,72.4
8.2,89.8,53.0,3,1,4.8,79.0,15,2024,Medium,67.7
7.2,72.1,70.5,3,4,6.0,95.3,15,2024,High,64.1
0.0,74.3,57.9,3,2,7.2,51.4,15,2024,Low,50.6
5.7,92.4,89.8,5,1,6.8,79.8,17,2024,Medium,70.3
2.8,90.3,49.0,3,3,7.8,90.3,16,2024,Low,58.6
2.6,78.6,66.9,4,4,5.3,70.0,15,2024,Low,59.9
5.3,89.6,51.2,3,2,6.3,82.6,15,2024,Medium,60.6
5.4,74.9,44.5,4,3,6.9,56.8,16,2024,Medium,58.6
9.0,68.9,37.6,3,2,5.8,79.4,19,2024,Medium,49.2
4.1,97.6,65.4,2,3,7.2,65.0,19,2024,Low,60.4
5.0,98.6,75.7,5,2,6.7,68.7,15,2024,High,67.3
9.4,71.0,68.3,4,4,7.6,88.3,18,2024,High,67.1
5.5,72.5,71.8,3,2,7.3,46.3,17,2024,Low,58.1
4.7,92.5,61.0,4,3,4.8,58.4,17,2024,Medium,65.4
8.1,70.3,83.8,5,3,8.8,91.0,17,2024,High,75.5
7.3,91.2,79.6,3,3,4.4,75.2,19,2024,High,71.3
6.2,65.7,70.0,3,3,5.1,64.8,17,2024,Low,63.5
8.3,76.0,71.3,4,2,6.9,86.1,16,2024,High,78.2
2.9,93.7,60.5,3,0,7.4,58.1,18,2024,Low,56.7
4.5,66.4,99.1,2,3,6.7,57.5,17,2024,Medium,80.8
11.0,71.8,80.9,3,4,6.3,74.3,15,2024,High,66.5
0.0,85.3,66.4,4,2,6.9,75.5,17,2024,Low,60.3
4.3,54.8,65.2,4,1,7.6,64.6,17,2024,Low,53.9
3.0,81.0,61.8,5,3,5.6,73.3,16,2024,Medium,59.5
6.2,96.3,63.2,2,1,5.7,100.0,19,2024,Low,68.9
7.5,92.1,71.9,3,0,6.0,77.3,18,2024,Medium,66.4
8.8,79.3,40.7,3,1,8.6,57.3,17,2024,Medium,50.7
5.0,80.3,64.0,5,3,7.4,78.4,15,2024,Medium,62.4
3.7,100.0,65.9,2,3,7.7,39.9,17,2024,Low,51.2
2.4,99.2,67.9,4,1,8.9,100.0,17,2024,Medium,62.8
6.1,78.7,70.8,4,4,7.9,56.6,18,2024,High,69.5
11.3,71.2,68.5,4,2,7.2,81.7,16,2024,High,75.3
4.5,92.0,74.5,4,4,8.9,80.9,17,2024,High,80.7
5.8,95.8,65.8,3,1,5.8,63.9,17,2024,Medium,55.8
6.3,99.3,83.8,2,2,6.7,100.0,17,2024,Medium,72.8
4.9,88.2,78.5,4,2,8.4,100.0,15,2024,High,63.3
9.6,75.0,100.0,3,2,4.4,64.5,17,2024,High,82.4
9.0,56.6,79.2,2,4,6.0,90.8,17,2024,High,66.4
8.0,100.0,56.1,2,3,7.9,60.2,19,2024,High,59.0
8.4,100.0,65.5,3,3,7.1,100.0,17,2024,High,85.7
4.3,69.3,59.9,3,1,7.6,100.0,17,2024,Low,64.9
3.1,82.7,68.1,5,2,4.7,96.2,17,2024,Low,58.1
4.3,76.9,85.6,3,1,6.0,48.2,16,2024,Low,72.2
6.7,80.9,62.8,3,3,7.8,68.2,16,2024,Medium,64.0
5.2,74.4,58.9,2,2,5.9,68.5,18,2024,Low,46.7
7.4,89.7,76.3,5,5,8.0,67.3,17,2024,High,80.0
6.3,64.1,55.0,5,2,7.3,100.0,18,2024,High,70.2
2.7,74.5,54.0,4,1,5.6,45.4,19,2024,Low,55.9
9.1,92.2,74.1,3,4,7.4,85.0,16,2024,High,68.1
4.7,52.4,39.3,4,3,7.9,91.4,15,2024,Low,44.5
8.0,84.3,60.3,3,2,7.4,65.4,16,2024,High,71.6
3.9,72.3,81.7,3,4,7.6,87.1,15,2024,Medium,62.8
3.8,100.0,38.7,2,4,4.9,86.0,18,2024,Low,57.2
3.7,84.6,39.8,2,4,9.7,73.1,15,2024,Low,50.0
2.4,69.0,45.1,5,4,10.4,97.6,18,2024,Medium,51.2
2.5,100.0,24.3,4,1,8.7,68.2,17,2024,Low,36.5
7.0,80.3,98.3,1,2,7.1,97.6,16,2024,High,80.0
3.7,81.8,69.9,4,3,6.5,80.4,17,2024,Low,63.6
6.9,92.4,57.3,2,2,6.5,72.4,17,2024,High,71.9
6.3,71.5,47.4,4,3,7.9,74.0,18,2024,Medium,58.5
8.2,100.0,100.0,4,4,8.3,53.0,16,2024,High,88.8
3.5,88.1,78.5,2,1,6.2,71.5,19,2024,Low,68.2
8.7,71.0,65.9,3,2,7.0,57.8,17,2024,Medium,57.8
3.7,73.9,87.5,1,2,8.5,82.8,18,2024,Low,61.7
0.0,62.4,74.2,2,2,6.9,94.2,15,2024,Low,56.1
6.5,84.3,60.0,1,2,7.1,86.2,18,2024,Low,52.7
3.8,77.5,58.3,3,3,8.7,65.2,17,2024,Low,58.7
9.7,84.4,58.6,4,4,8.5,73.2,17,2024,High,70.4
6.8,56.2,51.7,3,3,8.0,83.0,16,2024,Low,57.0
5.8,72.7,85.8,4,2,5.7,83.9,17,2024,High,71.0
6.5,66.3,59.7,2,3,5.7,100.0,19,2024,Low,55.0
4.8,86.9,89.7,5,5,6.1,89.2,16,2024,High,92.6
10.2,71.6,54.7,3,0,6.4,80.7,15,2024,Medium,63.2
4.6,86.6,58.4,1,3,7.3,79.9,18,2024,Low,60.4
7.2,72.5,60.8,3,2,6.9,71.7,17,2024,Medium,65.5
4.0,100.0,53.6,2,3,6.8,78.0,17,2024,Medium,54.6
6.0,80.7,58.6,2,0,6.7,90.9,18,2024,Low,52.8
2.9,92.8,76.8,4,5,5.9,65.3,17,2024,High,65.6
6.6,78.4,87.2,3,0,6.4,85.4,17,2024,Medium,68.1
6.2,92.9,72.8,3,2,9.9,76.0,19,2024,High,74.8
7.4,69.2,48.9,3,1,7.8,100.0,15,2024,Low,54.7
7.2,79.4,58.4,3,3,7.0,83.3,16,2024,Low,63.4
6.1,73.5,58.7,2,3,5.2,83.9,18,2024,Low,62.4
11.1,100.0,95.2,3,0,5.8,62.6,18,2024,High,88.4
6.0,63.4,83.8,1,1,6.9,100.0,16,2024,Low,69.3
6.1,100.0,87.4,5,2,8.6,87.1,16,2024,High,79.5
5.8,60.8,56.7,3,3,7.3,100.0,18,2024,Low,50.4
6.5,90.3,47.6,1,4,7.3,74.7,17,2024,Low,63.5
5.3,71.3,77.2,3,2,8.3,78.0,18,2024,Medium,72.4
5.1,83.6,60.6,5,2,5.8,53.3,19,2024,Medium,64.1
7.9,77.6,72.7,3,2,8.7,100.0,15,2024,High,71.8
5.9,68.4,74.6,3,2,6.5,84.6,19,2024,Low,50.5
8.6,81.1,61.7,3,3,8.4,100.0,18,2024,High,73.8
1.3,74.2,84.1,3,2,9.0,71.7,18,2024,Low,58.7
9.8,88.0,44.6,3,2,5.9,86.5,17,2024,High,53.5
8.2,65.9,69.8,4,4,7.0,95.9,16,2024,High,69.9
5.9,86.6,78.9,3,3,7.9,83.9,17,2024,High,73.9
5.8,92.1,95.2,4,5,6.7,72.0,17,2024,High,83.3
7.6,78.5,70.2,3,2,6.7,69.5,19,2024,Medium,59.8
3.4,61.5,88.1,1,0,6.5,71.8,17,2024,Low,52.9
6.1,100.0,87.1,5,3,4.8,100.0,15,2024,High,79.3
6.4,86.5,100.0,3,3,8.3,66.8,17,2024,High,81.6
0.9,69.9,73.2,2,4,5.8,42.2,15,2024,Low,53.5
6.9,86.9,100.0,2,0,4.3,78.7,19,2024,High,77.0
2.6,56.5,81.0,3,4,8.3,78.4,17,2024,Low,64.5
8.7,96.5,43.5,4,2,7.6,72.3,19,2024,High,58.2
9.3,100.0,68.5,3,2,5.4,66.8,15,2024,High,61.2
9.8,91.5,53.3,4,1,8.3,73.1,17,2024,High,66.1
5.2,66.0,92.5,3,3,7.8,54.2,16,2024,Medium,65.2
5.2,52.2,70.7,1,2,7.0,100.0,17,2024,Low,59.8
1.1,99.1,46.9,1,3,6.6,82.4,17,2024,Low,45.0
7.7,77.9,82.1,5,2,6.9,80.1,17,2024,High,78.2
2.2,74.5,89.1,5,1,7.2,96.9,16,2024,Medium,64.7
2.4,96.3,61.5,2,3,6.1,100.0,15,2024,Low,58.3
5.2,71.7,60.8,2,1,8.3,70.8,15,2024,Low,51.2
3.2,90.7,71.2,5,3,7.7,83.5,18,2024,High,82.9
3.6,80.3,39.0,2,2,6.8,92.4,18,2024,Low,41.8
6.1,83.5,79.4,3,0,9.1,90.4,18,2024,Medium,74.3
8.2,100.0,95.1,4,3,6.6,94.3,15,2024,High,80.5
7.3,73.2,57.6,5,4,8.9,94.5,15,2024,High,70.2
6.5,71.9,97.5,3,1,7.4,70.6,15,2024,High,77.6
8.9,77.2,83.9,3,2,7.9,99.5,17,2024,High,75.8
6.3,63.2,66.8,4,0,6.6,76.0,17,2024,Low,55.8
4.7,93.1,78.2,3,3,4.8,83.1,15,2024,Medium,67.4
4.1,91.2,93.6,3,5,7.6,89.1,16,2024,High,85.5
7.4,79.9,70.3,3,2,5.6,65.2,17,2024,Medium,58.6
3.2,67.1,74.3,5,2,6.3,85.8,17,2024,Medium,57.9
6.9,41.6,59.4,3,3,7.1,89.2,18,2024,Low,52.6
4.9,68.3,66.1,3,2,6.2,43.9,17,2024,Low,60.0
3.9,76.8,79.2,3,2,7.0,100.0,15,2024,Medium,68.5
3.9,53.4,65.1,4,1,7.2,63.3,17,2024,Low,63.7
8.4,100.0,59.9,4,3,5.2,82.9,15,2024,High,74.6
3.9,85.8,86.4,4,3,7.3,100.0,17,2024,High,72.5
5.3,87.6,75.7,4,1,6.3,89.8,16,2024,Medium,76.4
4.8,77.9,60.3,4,1,5.7,96.7,16,2024,Low,61.9
8.6,90.3,96.0,2,2,4.6,98.0,17,2024,High,78.4
9.8,75.8,100.0,4,2,5.1,69.1,16,2024,High,80.9
8.3,77.7,84.2,4,1,7.0,59.3,18,2024,High,75.1
5.1,99.7,48.9,4,1,7.1,85.5,16,2024,Medium,52.8
6.9,95.4,74.5,4,1,7.6,90.8,15,2024,High,71.1
3.7,79.8,77.4,3,4,9.1,97.9,18,2024,Low,66.4
6.5,100.0,42.6,3,0,8.6,92.1,16,2024,Medium,56.9
1.6,78.9,87.1,3,4,8.2,69.1,15,2024,Low,66.4
6.6,72.9,71.3,3,2,8.4,93.8,16,2024,Medium,62.5
5.9,81.8,86.0,3,3,7.2,40.2,18,2024,High,73.0
7.1,84.2,63.1,4,4,7.2,100.0,17,2024,High,75.2
6.0,63.3,75.7,4,2,8.8,62.0,17,2024,Medium,63.7
8.1,86.8,76.5,4,3,7.3,61.6,15,2024,High,77.6
4.1,100.0,71.0,4,3,7.3,100.0,18,2024,High,62.0
7.9,93.3,75.9,3,5,8.4,79.0,16,2024,High,73.3
7.2,89.3,65.8,3,0,6.7,73.4,18,2024,Low,53.8
8.7,86.7,49.1,3,2,6.8,57.2,17,2024,Medium,67.4
8.9,66.0,35.3,4,5,5.4,86.0,17,2024,Medium,57.3
3.6,66.0,58.1,3,2,6.4,92.3,17,2024,Low,52.1
7.3,82.3,80.7,4,5,6.6,71.7,16,2024,High,69.1
3.1,74.0,51.4,3,3,6.7,39.3,16,2024,Low,48.3
8.9,59.7,85.0,3,2,8.0,100.0,17,2024,Medium,76.4
3.9,75.1,90.3,4,0,5.8,72.8,18,2024,Low,70.1
5.0,86.3,75.6,4,1,8.8,72.4,19,2024,Medium,59.4
6.5,88.1,65.3,3,1,4.5,77.4,17,2024,Low,52.1
7.8,68.3,84.4,4,2,7.7,63.5,15,2024,High,89.1
6.9,79.4,86.5,4,4,8.0,100.0,19,2024,High,83.9
7.9,85.8,64.4,4,2,7.8,91.1,17,2024,High,70.8
6.0,62.2,69.4,3,2,8.3,86.8,15,2024,Medium,66.7
6.6,69.2,55.0,3,1,6.7,100.0,19,2024,Low,53.2
1.6,79.8,72.6,4,3,8.5,65.4,16,2024,Medium,58.4
8.6,67.3,34.9,4,2,6.2,100.0,17,2024,Low,54.9
5.3,75.4,63.3,5,3,6.3,38.0,15,2024,Medium,61.3
4.9,100.0,54.3,3,2,9.5,89.6,18,2024,Medium,64.9
10.8,58.9,66.6,5,4,7.2,100.0,19,2024,High,72.4
0.0,99.9,55.3,3,3,8.1,59.1,19,2024,Low,58.1
6.2,84.8,37.4,3,1,7.6,100.0,15,2024,Low,48.7
0.4,62.9,57.5,3,1,7.9,53.1,18,2024,Low,48.0
6.8,89.5,60.4,5,0,4.6,100.0,17,2024,Medium,66.9
4.3,80.6,85.0,1,2,7.5,69.7,18,2024,Low,59.6
0.0,96.9,57.7,3,0,7.0,64.7,16,2024,Low,57.2
8.7,89.2,54.4,3,2,8.2,68.4,17,2024,Medium,58.1
2.8,82.7,48.9,2,1,6.0,78.6,16,2024,Low,46.5
8.4,75.7,86.3,4,2,8.4,75.3,18,2024,High,86.4
3.6,96.4,64.4,5,1,5.6,77.1,18,2024,Medium,71.4
4.8,74.5,72.4,3,2,6.5,83.7,16,2024,Low,62.9
0.3,60.4,43.3,3,5,5.1,82.3,17,2024,Low,46.1
7.1,53.5,39.9,4,3,5.7,78.1,15,2024,Low,52.7
4.6,62.7,53.6,3,2,7.0,70.0,15,2024,Medium,65.6
5.1,91.2,94.0,5,3,8.6,85.7,17,2024,High,86.6
5.8,74.9,50.5,3,0,7.0,84.8,18,2024,Low,58.9
1.9,69.2,58.0,5,1,5.5,83.9,19,2024,Low,60.5
7.7,73.9,68.2,3,5,4.5,78.0,17,2024,High,72.7
4.6,91.6,58.0,2,3,7.8,65.5,18,2024,Medium,58.9
11.7,88.9,75.7,4,0,6.2,79.3,17,2024,High,77.2
4.8,82.3,54.7,4,2,6.4,73.0,18,2024,Medium,59.8
5.0,71.6,50.4,3,2,8.3,40.8,18,2024,Low,52.7
2.6,74.5,100.0,2,4,6.8,96.0,16,2024,Medium,71.5
2.0,78.1,53.0,4,2,6.6,82.7,17,2024,Low,58.6
8.2,67.5,80.7,3,0,7.2,77.6,15,2024,Medium,69.5
8.7,78.5,52.9,4,2,8.8,87.4,15,2024,Medium,58.5
4.6,66.7,43.3,3,1,7.3,64.4,19,2024,Low,48.8
6.3,85.1,66.6,4,2,4.4,100.0,15,2024,Medium,73.7
9.1,86.7,46.5,5,1,6.0,99.7,16,2024,Medium,53.2
6.7,95.6,61.7,3,2,6.7,57.1,15,2024,Medium,68.7
7.2,83.6,55.3,4,3,8.0,66.6,17,2024,Medium,55.0
6.2,83.2,88.0,3,3,5.5,90.2,15,2024,High,75.8
4.4,68.3,43.3,4,3,7.2,82.4,15,2024,Low,45.2
7.0,79.3,78.8,3,3,6.9,77.7,19,2024,High,74.5
10.7,65.7,72.6,2,4,8.2,85.9,18,2024,High,71.1
4.7,56.1,64.3,4,2,5.8,44.3,16,2024,Low,48.4
8.2,76.3,55.9,4,1,7.2,61.4,15,2024,Medium,59.4
6.5,72.9,70.8,3,0,8.8,67.2,17,2024,Medium,76.8
4.5,88.6,71.6,1,1,8.1,91.7,18,2024,Low,61.7
8.2,66.5,74.3,3,1,7.7,39.2,19,2024,Medium,65.8
7.9,100.0,63.7,2,4,6.6,81.3,15,2024,High,69.0
7.5,73.3,49.7,3,1,7.2,71.2,17,2024,Low,56.4
10.4,79.0,82.1,4,0,6.9,89.7,17,2024,High,84.1
10.6,72.1,67.9,5,2,8.0,92.5,16,2024,High,75.2
6.1,90.9,58.2,3,1,7.6,100.0,18,2024,High,68.5
5.7,77.0,52.0,2,1,6.2,56.9,18,2024,Low,53.4
2.4,66.3,82.8,5,2,9.1,63.2,19,2024,Medium,67.4
9.8,54.3,90.1,1,4,8.4,78.9,15,2024,High,75.5
5.8,88.0,77.2,4,0,6.0,100.0,16,2024,High,80.0
4.5,89.1,78.3,3,1,6.6,85.9,18,2024,Low,64.8
3.7,84.8,86.8,4,3,6.8,79.9,16,2024,High,68.1
3.6,77.0,62.2,3,1,8.0,100.0,17,2024,Medium,46.2
10.4,75.5,100.0,3,2,6.0,70.8,17,2024,High,87.3
8.2,90.9,51.0,4,0,6.2,99.1,17,2024,Medium,56.2
2.3,78.6,64.1,5,3,8.1,100.0,15,2024,Medium,64.0
2.4,95.7,55.7,2,3,7.7,75.2,17,2024,Low,53.9
6.3,78.6,69.0,3,1,4.7,50.1,16,2024,Medium,76.2
3.5,78.1,95.7,1,4,7.8,80.6,19,2024,Medium,81.9
5.4,85.2,64.2,5,2,5.2,100.0,17,2024,Medium,64.2
9.9,99.5,74.7,5,3,6.2,86.9,18,2024,High,87.9
8.7,96.5,21.5,3,3,6.6,53.2,19,2024,Medium,48.3
1.7,79.3,74.8,3,2,6.4,100.0,15,2024,Low,67.7
3.5,74.8,84.0,3,3,6.2,92.3,15,2024,Low,62.6
6.6,63.1,70.0,3,1,5.8,96.0,18,2024,Medium,64.2
8.8,89.7,50.9,3,0,7.6,98.4,18,2024,Medium,61.3
3.9,55.0,48.8,3,2,5.1,68.2,15,2024,Low,40.9
6.9,100.0,59.1,2,1,6.4,97.1,19,2024,Medium,57.3
4.9,91.8,48.7,1,5,7.9,66.4,17,2024,Low,45.5
10.4,69.6,93.2,4,4,7.5,56.7,17,2024,High,79.8
7.6,97.2,75.5,4,1,5.3,63.1,18,2024,Medium,74.5
5.5,87.7,91.1,4,2,4.7,90.5,16,2024,Medium,83.4
2.3,86.5,63.4,4,2,5.7,70.6,17,2024,Low,64.5
3.3,76.3,55.8,5,2,4.4,100.0,16,2024,Medium,56.8
0.0,87.7,56.8,1,3,7.1,98.1,15,2024,Low,48.0
6.7,60.2,60.6,3,2,6.4,90.1,16,2024,Medium,61.3
7.7,80.9,60.1,3,2,6.5,100.0,16,2024,Medium,59.4
7.8,70.5,87.5,3,3,7.6,56.8,17,2024,High,80.4
4.5,76.0,82.6,4,0,8.0,95.2,17,2024,Medium,64.1
9.2,70.4,72.3,3,0,7.3,88.3,17,2024,Medium,73.6
10.0,71.1,41.4,3,1,6.7,55.1,16,2024,Medium,56.5
4.3,98.0,72.7,4,3,6.2,65.0,15,2024,Low,57.3
9.0,59.9,63.0,4,1,6.6,75.1,15,2024,Low,58.6
6.3,85.7,90.5,4,4,7.2,74.6,15,2024,High,82.0
4.7,64.2,82.3,3,0,8.1,77.3,16,2024,Low,67.8
9.1,98.5,70.3,4,2,5.3,66.9,15,2024,High,73.9
3.0,86.0,34.4,3,0,5.6,100.0,15,2024,Low,45.6
2.3,60.3,65.8,3,5,7.0,55.8,17,2024,Low,53.0
5.0,84.7,57.5,3,1,4.5,56.3,16,2024,Low,63.0
5.4,70.3,74.5,1,2,7.3,61.0,16,2024,Low,62.2
1.9,83.2,49.7,3,5,8.3,66.6,16,2024,Low,47.3
7.2,61.4,72.2,3,0,9.8,65.2,15,2024,Low,57.6
4.0,97.2,32.5,2,2,7.1,100.0,16,2024,Low,37.3
2.7,52.0,45.8,2,2,8.0,66.1,18,2024,Low,33.3
7.6,68.7,53.9,5,2,7.0,75.8,16,2024,High,60.6
4.9,64.9,59.3,3,3,8.9,55.3,16,2024,Low,54.5
8.6,85.3,74.2,3,2,6.5,69.6,16,2024,High,67.9
7.1,73.1,41.5,3,1,7.4,88.8,19,2024,Medium,58.1
5.5,77.4,57.7,4,3,7.7,90.2,15,2024,Medium,65.8
8.7,71.0,58.1,1,2,7.5,95.7,19,2024,Low,51.7
7.1,60.8,79.0,4,2,6.1,60.0,15,2024,Medium,78.0
6.0,76.8,64.9,4,5,5.4,65.9,18,2024,Medium,61.9
7.3,61.8,52.5,5,2,8.2,92.7,17,2024,Medium,61.8
7.4,54.4,50.7,2,3,7.3,77.6,17,2024,Low,49.3
3.3,88.8,59.2,4,4,7.1,76.9,16,2024,Medium,61.4
11.9,62.7,41.6,4,2,8.1,88.6,18,2024,Medium,69.4
6.2,100.0,94.0,2,3,8.0,95.9,17,2024,High,75.9
6.2,99.8,67.9,4,2,7.4,65.4,17,2024,High,69.4
1.6,92.4,53.4,3,1,7.8,76.1,17,2024,Low,50.4
6.3,64.1,51.1,3,3,6.4,75.8,15,2024,Low,45.6
6.4,100.0,48.7,5,4,7.6,60.6,18,2024,High,58.5
3.1,47.1,73.9,3,0,5.1,83.4,16,2024,Low,54.1
3.4,67.6,41.5,4,3,7.0,68.3,16,2024,Low,36.5
3.8,91.7,65.2,3,0,7.9,77.9,17,2024,Low,51.8
5.3,90.6,77.2,2,2,6.1,89.7,15,2024,Medium,70.4
6.5,69.8,58.6,5,3,7.2,82.8,19,2024,High,68.0
5.4,69.0,51.8,3,2,7.4,62.0,15,2024,Low,53.4
6.8,77.0,81.4,3,2,5.9,81.7,17,2024,Medium,63.5
7.7,78.8,49.9,3,1,8.4,80.5,17,2024,Medium,52.7
7.4,73.4,63.6,3,5,7.4,67.9,17,2024,High,64.0
6.9,100.0,69.8,2,2,5.0,62.5,17,2024,High,70.2
6.7,70.4,58.3,4,1,7.1,80.8,16,2024,Medium,65.5
6.7,100.0,48.8,3,0,8.7,52.9,19,2024,Low,49.0
5.6,85.7,59.1,3,1,7.0,58.8,18,2024,Medium,64.6
4.4,94.3,73.4,4,2,6.2,54.9,17,2024,High,77.1
5.8,59.1,56.3,3,3,6.3,56.2,16,2024,Low,57.6
7.6,94.4,75.3,4,5,6.8,69.4,18,2024,High,72.9
7.6,93.9,63.9,5,3,5.5,97.1,17,2024,High,73.2
7.3,70.7,58.3,5,3,8.7,89.1,15,2024,High,73.3
4.8,91.9,56.4,2,3,8.1,98.2,16,2024,Medium,56.3
5.5,59.3,71.7,3,2,8.3,67.0,17,2024,Low,57.3
5.5,73.4,86.0,3,2,5.2,41.8,17,2024,Low,70.1
4.5,96.3,69.9,3,3,7.2,67.2,17,2024,Low,54.6
8.2,77.5,52.6,5,1,8.3,98.3,17,2024,High,66.6
1.4,76.3,85.5,2,2,5.9,70.9,16,2024,Low,56.3
11.1,99.7,53.8,3,5,6.9,77.6,16,2024,High,66.5
11.2,52.7,95.7,2,2,5.7,74.1,17,2024,Medium,82.3
6.1,77.5,65.4,4,2,8.0,90.6,15,2024,Medium,61.8
7.0,79.1,53.9,4,4,6.7,92.9,16,2024,High,68.0
8.1,68.8,76.9,5,3,6.9,50.1,16,2024,High,78.6
4.1,99.2,63.0,3,2,5.6,34.3,16,2024,Low,50.1
7.4,67.3,75.1,4,3,8.9,89.8,15,2024,High,78.9
9.3,67.4,69.5,3,1,7.1,74.2,15,2024,Medium,64.4
1.5,45.4,45.9,4,0,7.9,89.8,16,2024,Low,35.5
2.4,95.6,66.9,2,5,7.5,73.0,16,2024,Medium,60.8
7.9,75.4,76.0,3,3,5.9,87.4,15,2024,High,71.1
5.3,75.4,69.8,2,4,5.0,75.6,18,2024,Low,62.6
5.0,77.0,88.1,4,3,6.8,65.0,17,2024,Medium,68.8
5.2,96.7,73.0,2,2,8.3,70.9,17,2024,Low,61.5
3.2,100.0,64.1,1,4,4.6,75.0,16,2024,Low,50.6
5.0,55.7,71.4,5,3,9.3,89.0,18,2024,High,65.4
2.7,73.5,60.1,3,1,8.0,74.9,18,2024,Low,48.4
9.3,64.1,73.8,5,3,7.2,58.7,15,2024,High,73.1
6.3,76.9,73.7,3,2,6.9,100.0,18,2024,Medium,62.5
6.3,78.7,48.2,4,1,8.0,83.6,16,2024,Low,64.7
7.7,55.9,80.4,4,0,5.5,100.0,17,2024,Medium,70.7
12.0,85.2,100.0,3,2,7.5,58.3,18,2024,High,75.7
3.4,73.7,76.7,2,2,7.4,73.4,19,2024,Low,58.8
1.4,90.9,35.5,4,0,9.2,81.4,16,2024,Low,48.7
5.9,80.4,61.2,3,3,6.6,89.8,19,2024,Medium,63.0
1.4,56.0,47.5,4,3,7.1,44.0,15,2024,Low,40.1
5.2,88.6,63.3,1,1,6.9,44.6,19,2024,Low,50.3
8.2,61.2,79.0,3,5,6.4,66.1,18,2024,High,76.4
9.8,62.8,56.5,2,3,8.8,87.8,19,2024,Medium,64.3
2.1,75.6,98.2,4,3,5.8,65.9,16,2024,Medium,78.8
3.6,76.0,21.9,4,0,5.2,75.7,19,2024,Low,37.7
6.9,55.5,64.0,3,5,7.3,78.9,18,2024,High,62.1
7.9,77.9,74.1,3,5,6.1,63.1,16,2024,High,66.8
8.0,78.8,48.5,3,2,7.3,100.0,16,2024,Medium,63.4
9.7,78.2,50.6,4,5,7.8,63.7,16,2024,High,78.1
7.8,56.4,80.1,4,3,7.2,40.8,17,2024,High,72.8
5.7,82.0,98.9,2,1,7.0,60.3,16,2024,Medium,77.0
8.7,88.7,100.0,5,3,4.5,63.0,17,2024,High,80.4
6.2,61.1,62.5,5,2,7.7,81.1,15,2024,Medium,62.3
6.7,64.9,89.6,4,2,7.2,82.1,16,2024,Medium,73.0
4.8,91.0,66.9,4,1,9.2,88.6,17,2024,Medium,67.9
6.4,100.0,82.7,1,2,8.4,100.0,17,2024,Medium,70.8
1.9,77.7,64.6,3,3,5.2,78.5,16,2024,Low,69.0
8.6,73.7,49.8,4,4,8.3,93.2,16,2024,High,68.1
3.5,82.8,93.6,2,2,5.4,70.0,16,2024,Low,74.7
3.8,99.0,97.8,1,2,8.0,83.2,15,2024,Low,72.0
0.2,68.1,61.3,4,3,8.7,71.7,16,2024,Low,46.9
3.9,73.2,83.0,1,2,9.2,75.3,18,2024,Low,64.5
3.6,72.9,65.7,2,3,6.5,81.0,16,2024,Low,61.3
6.5,60.2,100.0,2,3,7.8,95.7,15,2024,Medium,79.4
2.8,91.9,44.1,3,5,8.2,77.0,18,2024,Low,54.6
4.9,83.7,65.1,4,3,7.6,77.0,16,2024,Medium,58.9
4.3,51.8,44.8,2,3,5.0,83.6,16,2024,Low,43.2
1.6,79.8,42.6,3,4,7.2,93.8,17,2024,Low,42.6
6.6,100.0,66.1,1,4,7.7,52.7,17,2024,Medium,68.6
5.5,83.9,60.8,3,1,7.0,82.4,16,2024,Low,60.9
6.1,100.0,51.8,2,2,6.0,54.0,17,2024,Medium,56.0
8.1,72.2,81.4,2,4,6.8,100.0,17,2024,High,76.2
6.0,93.5,88.8,3,5,8.1,84.1,17,2024,High,85.5
5.2,98.4,76.2,4,1,7.5,100.0,18,2024,High,77.1
8.3,79.0,38.0,5,2,7.6,48.0,19,2024,Medium,67.5
5.2,74.2,73.4,4,1,6.7,75.0,17,2024,Low,59.2
4.7,95.4,73.3,2,3,7.5,93.7,19,2024,Medium,69.4
7.7,87.6,54.5,4,4,4.5,100.0,17,2024,High,56.6
4.0,93.4,73.5,4,2,6.9,84.3,17,2024,Medium,77.8
8.9,85.8,59.9,2,3,6.5,70.3,18,2024,High,69.4
6.4,78.9,54.9,3,4,7.0,73.1,19,2024,Medium,59.2
9.9,78.8,49.1,3,3,5.6,59.2,19,2024,Medium,55.1
5.9,75.0,81.3,3,1,7.4,100.0,18,2024,Medium,66.8
8.4,85.6,88.7,3,3,9.3,89.7,17,2024,High,75.3
1.9,77.5,65.7,2,1,7.1,74.8,16,2024,Low,54.1
9.2,83.5,83.8,3,3,7.1,87.8,17,2024,High,77.6
7.7,68.9,92.4,4,2,10.0,76.0,18,2024,High,76.0
4.4,68.1,70.1,3,0,5.9,72.6,15,2024,Low,64.1
8.2,88.2,66.8,3,1,7.6,64.4,16,2024,Medium,56.5
2.8,85.4,75.5,4,2,8.9,64.7,16,2024,Medium,72.1
4.8,74.0,54.6,3,5,6.5,84.9,18,2024,Low,58.2
3.9,99.3,76.8,3,1,8.0,96.9,17,2024,Medium,65.8
8.3,68.5,70.4,3,5,7.2,71.9,17,2024,High,75.5
9.1,86.1,47.1,3,2,5.7,63.7,19,2024,Medium,54.4
4.9,86.4,47.3,4,5,6.8,95.1,17,2024,Medium,57.2
2.8,80.7,52.2,2,5,7.0,79.4,18,2024,Low,51.8
3.6,97.7,76.2,4,1,6.2,37.8,17,2024,Low,61.9
6.2,100.0,62.6,3,3,5.1,65.3,18,2024,Medium,61.0
6.1,63.9,67.6,5,2,6.5,86.4,18,2024,High,71.0
5.1,48.1,89.9,5,3,5.2,63.8,19,2024,High,74.4
3.9,73.2,75.1,3,3,7.7,78.9,16,2024,Medium,66.3
10.1,66.2,57.7,2,1,7.7,55.6,16,2024,Low,59.4
4.4,73.9,52.2,3,3,5.5,70.6,18,2024,Low,53.4
3.9,100.0,72.9,3,2,7.1,58.4,18,2024,High,73.7
8.9,100.0,52.5,3,3,5.4,55.8,15,2024,High,67.5
5.3,66.7,88.0,3,2,6.6,64.3,16,2024,Low,66.7
7.3,83.1,71.9,3,3,6.2,93.7,18,2024,Medium,62.0
3.8,82.8,70.1,3,3,7.6,85.5,17,2024,Low,68.3
7.3,84.8,52.7,4,3,5.1,100.0,18,2024,High,69.4
7.8,60.8,77.9,1,4,8.2,67.2,17,2024,Medium,70.3
3.2,97.3,86.1,3,2,8.5,96.3,16,2024,Medium,76.3
4.7,92.6,65.8,2,2,6.8,100.0,18,2024,Medium,67.5
3.7,73.3,82.9,4,1,5.4,98.1,17,2024,Medium,67.9
4.7,97.2,61.5,4,3,4.5,98.4,17,2024,Medium,62.7
10.0,59.8,67.0,4,5,8.3,80.2,18,2024,High,73.5
6.6,56.3,100.0,5,1,9.4,82.2,16,2024,High,79.9
10.9,83.7,62.1,2,2,7.1,61.4,17,2024,High,73.9
9.7,86.0,76.6,3,3,5.6,29.9,16,2024,Medium,73.3
8.8,77.7,61.8,5,3,5.7,81.7,15,2024,High,61.7
9.6,95.5,72.5,3,3,8.4,60.7,18,2024,High,80.6
8.9,70.8,79.1,4,0,7.2,70.3,17,2024,High,72.7
10.3,96.9,53.6,4,4,5.8,63.1,19,2024,High,64.6
7.4,91.0,56.7,5,0,9.8,83.8,17,2024,High,65.7
7.7,100.0,77.1,3,2,8.3,74.4,15,2024,High,77.6
7.6,55.2,70.6,3,1,7.7,100.0,17,2024,Low,55.2
4.9,73.2,86.8,2,4,6.3,65.0,16,2024,Medium,70.0
8.1,67.3,72.3,2,1,8.5,81.3,19,2024,Medium,59.2
9.1,90.9,97.8,5,2,8.1,74.6,17,2024,High,89.1
4.5,100.0,79.1,3,4,6.9,72.7,17,2024,High,65.8
3.9,74.8,98.1,4,2,8.3,76.6,16,2024,Medium,77.2
4.6,88.4,95.0,4,4,8.3,100.0,17,2024,High,80.0
9.4,100.0,57.7,3,3,7.3,93.2,15,2024,High,64.3
5.4,84.6,91.7,5,0,5.6,69.8,17,2024,Medium,64.3
3.2,89.8,83.0,5,2,5.8,67.0,17,2024,Medium,63.5
3.4,52.2,81.9,4,1,5.1,63.9,16,2024,Low,62.1
3.7,100.0,87.0,5,0,8.6,80.1,16,2024,Medium,66.4
4.2,75.8,63.1,1,2,5.2,50.7,18,2024,Low,53.8
2.5,100.0,73.3,1,4,7.0,74.1,17,2024,Low,58.8
7.5,68.1,61.3,2,1,5.1,84.9,17,2024,Low,58.4
5.5,86.6,100.0,5,0,9.0,64.9,16,2024,High,72.3
7.3,91.6,56.0,4,4,5.6,78.7,17,2024,High,61.6
0.3,45.0,47.5,5,2,7.4,82.8,15,2024,Low,42.6
8.7,100.0,54.9,2,2,5.1,46.3,17,2024,Medium,62.6
5.8,90.4,67.1,1,4,8.0,81.7,18,2024,Medium,53.5
7.3,59.1,67.0,3,3,8.3,69.7,16,2024,Low,60.6
9.8,85.2,82.2,2,3,7.0,100.0,18,2024,High,71.1
6.9,85.1,68.5,5,3,6.9,81.6,16,2024,High,64.2
11.3,78.1,60.1,3,3,8.0,61.5,15,2024,High,74.4
1.3,71.7,75.7,4,3,6.3,45.3,19,2024,Low,61.3
5.2,79.0,86.6,3,2,8.3,77.1,16,2024,Medium,70.6
1.5,92.1,71.3,3,2,7.4,100.0,16,2024,Low,59.0
6.8,91.5,81.9,4,1,5.1,67.1,17,2024,Medium,67.5
6.2,80.1,69.3,3,1,9.2,83.7,19,2024,Medium,70.3
3.3,83.2,63.8,5,2,7.2,91.3,17,2024,Medium,65.6
11.4,78.2,79.2,3,2,6.6,90.4,19,2024,High,69.9
5.1,66.4,71.7,3,2,7.2,77.9,17,2024,Low,55.3
0.5,79.2,84.1,4,3,6.1,66.2,16,2024,Low,66.0
7.7,69.7,92.7,4,4,6.8,73.3,17,2024,High,76.6
7.7,66.1,66.2,5,3,7.9,58.7,15,2024,High,73.4
4.8,46.1,78.4,5,1,7.8,61.0,15,2024,Medium,66.8
8.0,74.3,85.1,3,0,7.7,95.8,15,2024,Medium,64.8
3.6,91.0,74.6,2,1,6.3,84.0,15,2024,Low,71.0
5.0,97.1,76.2,2,4,6.0,83.2,16,2024,Low,58.9
7.0,86.2,70.3,3,2,7.5,65.1,16,2024,Medium,60.8
8.3,61.9,72.1,3,3,7.9,99.6,15,2024,High,71.5
5.4,77.8,76.3,4,1,6.1,73.8,15,2024,Medium,69.0
4.8,63.8,58.3,5,3,6.7,80.4,15,2024,Medium,56.8
5.9,100.0,40.8,5,3,7.5,99.0,19,2024,High,65.0
0.9,74.6,66.6,3,3,6.9,65.0,17,2024,Low,56.7
5.3,73.1,65.3,3,2,8.4,66.6,17,2024,Medium,75.6
1.0,92.9,93.9,4,3,5.4,96.6,17,2024,Medium,72.9
3.9,79.5,72.7,4,4,5.3,92.7,17,2024,High,64.7
2.4,95.0,77.0,2,5,8.3,84.2,15,2024,High,66.6
7.3,64.3,61.4,2,1,7.7,38.8,17,2024,Low,54.7
4.2,81.2,58.5,5,3,7.1,100.0,18,2024,Medium,59.5
9.1,87.1,54.6,4,1,6.6,67.0,17,2024,High,64.3
1.4,43.3,47.8,4,4,7.6,67.6,18,2024,Low,51.7
5.4,70.4,79.6,4,5,7.2,74.4,15,2024,High,74.6
6.2,71.4,72.9,2,2,7.4,56.4,18,2024,Low,63.7
7.2,80.8,91.6,3,5,6.9,99.9,17,2024,High,89.5
11.4,75.7,76.8,3,3,7.6,81.1,17,2024,High,75.0
1.1,84.1,71.9,4,3,8.1,90.6,17,2024,Low,62.9
4.1,76.7,36.3,3,2,8.1,64.1,15,2024,Low,45.8
11.0,96.1,98.5,4,2,7.5,95.8,17,2024,High,86.6
3.7,100.0,68.6,3,5,7.0,100.0,16,2024,High,72.3
7.1,59.0,34.7,3,1,7.5,55.1,15,2024,Low,45.5
3.7,80.3,71.6,4,3,8.4,57.8,16,2024,Medium,61.9
2.5,95.2,55.0,3,2,6.8,63.5,17,2024,Low,52.4
4.0,70.2,54.5,3,3,6.7,94.6,19,2024,Low,50.7
10.9,83.9,72.3,5,1,7.6,81.3,17,2024,High,76.0
3.1,74.7,58.6,4,2,7.9,76.8,15,2024,Low,49.7
5.3,66.0,84.4,3,4,6.9,84.6,19,2024,High,78.1
5.4,65.8,66.2,3,2,7.5,100.0,15,2024,Low,62.8
8.3,45.4,74.4,3,2,6.0,46.6,15,2024,Medium,67.3
8.8,82.3,77.1,4,3,7.0,72.4,17,2024,High,72.1
6.3,83.2,72.0,2,2,8.9,22.6,15,2024,Low,61.5
0.0,66.7,71.4,5,2,7.7,87.1,17,2024,Low,58.0
3.8,76.1,70.3,4,2,6.2,97.6,16,2024,Medium,67.4
3.0,59.8,91.9,3,5,6.4,72.5,17,2024,High,70.6
8.9,87.5,81.5,4,3,5.5,89.8,15,2024,High,78.2
3.7,74.4,56.9,2,0,8.9,50.4,18,2024,Low,50.1
10.2,90.8,50.2,2,3,5.8,86.6,18,2024,High,72.0
7.0,75.5,55.3,3,2,4.0,100.0,19,2024,Medium,54.2
8.8,66.2,74.8,2,1,5.3,71.1,15,2024,Low,57.3
11.6,72.5,50.3,4,4,7.1,85.5,17,2024,High,74.2
3.6,100.0,57.6,4,1,6.1,67.4,18,2024,Medium,52.6
2.0,100.0,46.5,5,2,7.2,81.2,19,2024,Low,62.4
6.5,58.9,82.9,4,0,7.4,97.9,17,2024,Medium,73.7
8.4,92.7,78.6,5,5,6.3,88.8,19,2024,High,88.8
4.3,64.5,82.1,1,3,5.9,76.2,15,2024,Low,52.8
6.1,69.4,60.4,4,1,8.1,75.9,17,2024,Low,58.1
9.0,82.9,39.9,2,2,7.4,56.4,16,2024,Low,52.2
8.8,86.9,54.6,3,2,4.0,96.3,16,2024,High,67.7
4.5,69.8,46.4,4,0,5.2,91.5,16,2024,Low,48.5
6.7,88.5,46.3,3,4,4.8,55.4,17,2024,Medium,55.8
3.7,96.6,86.2,2,3,6.8,81.2,17,2024,Medium,75.3
2.4,90.2,64.0,3,5,7.2,61.3,16,2024,Medium,68.2
9.4,66.5,72.6,2,1,6.8,69.8,15,2024,Medium,68.3
0.7,73.8,85.7,2,3,6.2,92.6,19,2024,Low,56.9
6.5,92.3,51.7,2,1,8.2,95.8,16,2024,Medium,61.8
5.1,100.0,77.8,3,2,7.4,90.8,15,2024,Medium,58.9
7.4,62.2,44.8,5,3,5.9,73.1,15,2024,Low,55.9
4.3,84.2,72.0,3,0,6.0,86.3,16,2024,Low,68.2
8.9,90.3,85.1,3,2,6.1,64.1,16,2024,High,80.2
5.4,60.4,49.8,2,2,6.6,91.5,16,2024,Low,51.5
9.6,94.3,81.3,1,3,7.0,77.7,16,2024,Medium,74.7
6.5,100.0,71.6,2,1,7.5,69.5,17,2024,Medium,71.9
3.4,89.3,60.7,4,1,6.0,64.9,18,2024,Low,54.4
7.4,87.9,48.8,5,3,5.4,90.2,15,2024,High,66.8
7.0,69.5,71.9,4,3,7.5,75.5,16,2024,High,74.1
5.7,73.1,75.9,5,3,8.0,69.2,18,2024,High,71.0
4.1,70.9,62.9,4,1,9.1,69.1,15,2024,Low,62.7
8.2,67.6,52.3,3,0,7.5,55.6,18,2024,Low,49.5
3.6,76.6,80.2,4,4,6.1,81.0,17,2024,Medium,67.4
3.8,84.3,87.0,4,1,7.7,83.2,18,2024,Medium,59.7
7.3,68.0,83.3,3,2,6.8,51.3,15,2024,Medium,66.4
5.5,75.1,93.4,5,2,5.4,58.6,18,2024,High,76.0
1.1,84.5,57.6,5,1,6.9,48.3,17,2024,Low,54.8
3.6,50.4,45.4,4,2,7.3,99.7,17,2024,Low,52.6
7.0,93.3,74.6,3,4,8.7,89.1,15,2024,High,77.1
5.3,83.0,61.6,3,1,7.1,97.9,16,2024,Low,50.7
5.7,83.2,83.8,4,2,6.0,100.0,18,2024,High,76.7
6.7,96.2,51.4,1,2,4.7,85.9,15,2024,Low,52.1
7.1,93.1,52.6,3,5,5.5,76.9,17,2024,High,56.9
6.3,88.5,69.1,1,1,5.8,81.5,16,2024,Low,60.3
0.0,83.9,70.8,4,1,9.0,66.4,17,2024,Low,63.0
5.9,79.9,78.8,4,1,6.8,63.5,16,2024,Medium,69.0
4.7,71.9,66.4,4,2,6.9,70.4,16,2024,Medium,65.2
6.1,66.5,37.3,2,2,8.3,73.5,18,2024,Low,42.8
8.7,85.4,100.0,5,3,7.7,48.1,15,2024,High,91.9
3.3,85.5,68.5,3,2,6.7,55.7,19,2024,Low,53.8
6.2,82.0,100.0,4,4,8.4,55.1,16,2024,High,73.1
7.2,61.2,66.0,3,2,6.2,54.4,17,2024,Medium,63.7
5.2,42.8,51.2,3,3,7.3,89.5,16,2024,Low,54.3
2.7,80.8,62.9,5,1,5.5,72.0,16,2024,Low,53.5
3.0,54.3,85.6,4,3,7.3,74.5,17,2024,Medium,68.3
5.9,84.5,77.9,3,4,8.2,84.9,17,2024,High,74.5
4.4,100.0,72.9,4,5,8.0,92.8,18,2024,High,75.1
1.2,84.6,67.0,3,3,8.1,86.2,18,2024,Low,54.6
4.0,73.9,70.1,2,4,10.5,100.0,16,2024,Low,58.9
2.7,65.4,65.6,3,3,6.7,78.7,15,2024,Low,50.6
7.9,71.9,87.1,1,5,5.9,81.6,19,2024,Medium,61.4
2.3,79.5,82.7,3,4,7.5,67.1,15,2024,Low,73.0
9.6,95.0,52.9,3,1,5.9,43.9,18,2024,High,63.9
11.4,82.0,44.4,4,2,5.6,79.4,15,2024,High,68.3
4.1,75.9,48.4,3,2,6.7,93.5,19,2024,Low,52.0
4.5,89.4,62.3,3,0,9.4,64.6,15,2024,Low,50.3
8.4,100.0,71.5,3,2,7.8,68.8,15,2024,High,65.8
8.7,84.4,67.1,1,1,7.5,95.3,17,2024,Low,57.2
4.8,82.7,78.1,5,0,5.0,77.1,17,2024,Low,57.0
4.9,56.8,67.8,3,2,6.3,61.4,16,2024,Low,49.3
4.9,60.9,93.5,3,1,8.7,60.8,17,2024,Low,65.1
3.9,59.1,76.1,1,4,6.7,89.8,18,2024,Low,58.3
8.3,77.3,68.3,5,3,9.6,75.6,18,2024,High,79.0
6.4,68.3,43.8,3,5,7.5,75.4,18,2024,Low,56.0
4.2,73.1,73.6,1,4,6.8,53.2,16,2024,Low,57.9
6.2,68.1,76.0,3,3,6.6,86.6,16,2024,Medium,67.2
5.1,69.4,56.6,5,2,6.9,96.6,17,2024,Medium,56.0
12.0,54.0,49.5,3,0,5.3,71.5,18,2024,Low,49.4
5.4,83.1,85.5,4,1,8.2,85.4,15,2024,Medium,70.7
7.9,89.8,52.5,4,3,7.5,70.7,16,2024,High,64.5
7.1,81.0,70.6,3,2,6.7,88.7,19,2024,Medium,66.8
5.6,85.1,68.5,4,2,6.9,86.9,15,2024,Medium,73.4
7.1,86.5,75.1,1,1,8.0,71.1,17,2024,Medium,68.1
6.5,86.0,52.6,5,0,9.4,39.7,16,2024,Medium,66.0
12.0,91.9,66.1,4,1,8.8,63.6,18,2024,High,71.0
5.8,96.7,52.5,5,3,7.2,84.2,18,2024,High,64.3
0.0,100.0,69.2,1,3,6.0,93.9,16,2024,Low,47.2
11.5,53.0,76.1,2,2,5.2,67.1,17,2024,Medium,63.3
4.7,86.5,82.3,3,0,7.1,100.0,18,2024,Medium,69.2
6.2,63.1,91.9,4,1,6.1,100.0,17,2024,Medium,66.0
4.6,99.7,63.8,2,2,7.2,90.6,17,2024,Medium,59.3
4.5,80.9,63.5,5,1,7.3,57.6,17,2024,Low,61.8
3.2,83.9,88.4,4,3,7.9,90.8,17,2024,Medium,69.3
1.0,81.6,77.2,4,3,5.6,68.3,19,2024,Medium,71.4
4.2,82.9,87.8,4,1,5.9,67.3,16,2024,Medium,68.8
7.3,100.0,99.2,4,3,6.6,86.2,16,2024,High,82.7
1.9,97.4,54.5,3,2,7.3,85.7,19,2024,Low,50.6
7.3,100.0,80.9,5,5,7.2,86.2,15,2024,High,83.0
11.8,77.3,58.4,4,3,10.1,89.8,18,2024,High,74.5
6.7,50.3,93.0,3,2,4.3,77.0,19,2024,Medium,67.4
2.5,90.5,49.0,5,3,8.3,51.9,16,2024,Medium,43.4
7.0,64.4,82.7,5,1,8.3,100.0,17,2024,High,65.2
8.4,74.9,59.1,1,4,5.9,71.0,15,2024,Low,56.7
9.3,79.1,76.9,5,2,6.4,65.2,16,2024,High,78.5
6.5,80.0,88.3,3,2,9.1,56.1,17,2024,High,86.1
7.5,89.0,57.7,3,2,6.3,80.7,17,2024,Low,53.4
8.1,67.1,44.5,2,1,6.3,78.6,15,2024,Low,49.7
7.5,88.8,63.9,5,3,7.1,75.8,17,2024,High,72.0
6.8,77.3,61.8,3,4,7.6,100.0,17,2024,Medium,66.3
4.4,100.0,47.4,5,1,8.2,89.9,17,2024,Medium,61.4
8.4,57.7,35.8,4,2,8.2,59.7,18,2024,Low,50.1
4.7,81.8,87.5,5,1,7.9,100.0,19,2024,High,65.1
12.0,88.6,91.9,5,1,4.7,50.7,18,2024,High,82.9
4.4,74.2,58.4,5,2,7.0,75.9,15,2024,Medium,59.7
8.0,72.0,63.3,3,4,7.8,64.9,16,2024,High,59.2
2.8,98.5,80.9,2,3,7.8,84.7,15,2024,Medium,69.2
4.8,91.8,81.2,4,2,6.1,89.5,17,2024,Medium,74.6
4.5,68.8,96.5,2,4,5.8,70.6,18,2024,Medium,75.8
2.6,59.2,77.9,5,3,5.7,96.9,15,2024,Medium,65.0
4.6,88.2,51.6,5,0,7.6,81.6,16,2024,Medium,61.6
6.9,84.5,80.7,2,1,8.2,100.0,15,2024,Medium,65.3
5.4,88.0,56.8,3,1,7.2,94.7,17,2024,Medium,54.2
9.0,78.2,67.0,4,2,5.7,69.5,19,2024,High,68.1
3.7,92.0,85.8,4,3,7.2,97.0,17,2024,Medium,61.6
7.7,100.0,53.5,3,3,5.9,66.4,17,2024,Medium,61.7
4.5,100.0,66.8,3,1,6.1,89.3,16,2024,Low,60.6
8.8,68.5,48.4,3,2,6.6,87.5,18,2024,Medium,53.6
8.0,100.0,52.2,4,1,6.0,68.7,18,2024,Medium,71.6
8.5,89.2,59.3,4,1,5.6,42.1,15,2024,Medium,61.4
5.6,60.0,94.1,3,1,8.9,100.0,17,2024,Medium,71.4
9.3,86.1,68.5,3,4,4.7,85.5,16,2024,High,71.5
1.9,83.2,100.0,3,2,6.3,78.4,18,2024,Medium,77.6
7.1,78.4,83.3,3,4,6.7,78.3,16,2024,High,73.0
6.3,77.2,83.7,4,3,8.5,95.5,18,2024,High,65.8
8.1,89.8,50.5,3,3,7.4,100.0,17,2024,High,66.7
5.8,89.9,65.5,5,3,6.7,94.2,16,2024,High,63.6
3.5,71.8,49.7,3,0,6.1,84.6,16,2024,Low,43.4
3.3,72.5,63.0,4,3,8.4,83.1,15,2024,Low,54.3
6.0,71.9,60.7,4,1,6.0,84.6,19,2024,Medium,58.3
5.3,77.6,67.3,4,5,7.3,59.9,16,2024,Medium,65.0
8.1,92.4,81.2,3,3,6.8,88.5,19,2024,High,72.8
8.4,96.8,63.8,3,5,7.6,54.4,18,2024,High,71.8
6.1,77.0,81.5,4,4,8.9,86.0,16,2024,High,74.8
6.1,95.4,44.5,4,2,7.8,69.5,16,2024,Medium,60.2
8.7,86.2,75.2,3,4,6.8,93.6,17,2024,High,70.6
5.4,81.9,61.0,3,2,9.0,84.9,19,2024,Low,53.4
5.5,100.0,72.1,5,3,8.9,71.7,18,2024,High,68.0
2.7,84.6,81.8,4,3,8.4,59.8,17,2024,Medium,66.9
8.2,78.1,44.9,2,2,7.3,100.0,17,2024,Medium,61.4
5.8,91.7,91.5,5,1,6.1,76.4,17,2024,High,76.7
8.8,62.8,64.9,4,4,4.2,100.0,19,2024,High,64.9
3.0,76.9,97.8,3,1,7.3,55.8,19,2024,Low,68.8
4.8,83.7,69.1,3,2,7.9,73.4,16,2024,Medium,56.9
8.4,90.1,89.1,4,2,5.4,37.5,19,2024,High,69.6
6.8,83.4,69.0,5,3,7.5,91.6,19,2024,High,67.1
3.0,62.0,72.3,2,4,6.5,93.1,17,2024,Low,52.5
8.3,67.6,69.9,3,2,7.6,67.1,17,2024,Medium,77.8
2.7,74.0,64.5,5,2,6.3,66.2,18,2024,Medium,71.2
8.1,83.4,63.9,5,4,6.1,71.0,19,2024,High,84.2
3.6,61.8,71.6,2,2,6.9,73.7,17,2024,Low,53.0
9.0,99.7,76.8,4,2,5.6,67.9,17,2024,High,84.7
6.3,84.4,71.7,3,0,8.2,97.5,16,2024,Medium,60.8
6.9,84.0,76.3,3,5,7.0,69.6,16,2024,High,84.0
5.8,77.6,43.7,4,2,5.6,43.9,19,2024,Low,54.9
6.2,59.8,82.5,3,3,6.3,73.4,16,2024,Medium,65.5
6.2,81.3,56.1,2,1,7.7,68.8,18,2024,Low,63.6
7.8,90.5,41.6,4,3,6.6,54.5,17,2024,Low,61.8
5.8,77.9,97.6,2,2,7.9,81.4,15,2024,Medium,70.6
9.7,95.0,90.6,3,1,5.8,43.3,16,2024,High,81.9
4.2,79.1,67.8,4,3,6.7,84.9,15,2024,Medium,54.2
8.2,89.7,85.1,5,3,6.9,77.4,19,2024,High,77.0
7.4,78.4,62.7,4,0,9.7,67.9,16,2024,High,64.2
9.1,85.3,60.5,3,2,6.1,57.4,18,2024,Medium,62.4
6.3,92.2,58.5,5,1,7.8,51.7,17,2024,Medium,71.2
6.8,64.9,57.8,3,2,7.6,93.9,17,2024,Medium,53.3
6.8,89.1,63.9,3,2,9.1,72.6,16,2024,High,69.4
3.0,94.8,56.6,4,3,8.6,47.8,15,2024,Medium,64.1
7.0,100.0,22.4,3,1,6.4,77.8,18,2024,Low,40.2
12.0,81.0,65.1,4,1,5.7,73.1,18,2024,High,67.2
10.0,50.6,52.5,4,3,5.3,100.0,15,2024,High,71.5
4.1,55.1,72.8,4,5,7.3,70.6,18,2024,Medium,73.6
1.5,67.6,64.2,3,4,8.2,95.6,17,2024,Low,57.2
6.1,98.0,78.2,1,3,8.4,74.1,16,2024,Medium,73.3
8.7,100.0,68.2,5,0,6.7,56.7,18,2024,High,80.0
5.9,74.3,47.7,2,1,7.1,86.5,17,2024,Low,48.1
10.7,80.7,47.7,3,3,8.7,99.9,17,2024,High,68.7
4.0,43.9,48.1,3,1,6.1,94.3,16,2024,Low,42.4
6.6,89.1,54.2,3,2,4.0,83.7,17,2024,Medium,51.3
5.7,81.9,56.8,3,5,8.4,96.0,16,2024,High,64.9
7.8,76.5,82.7,3,0,5.6,81.1,16,2024,Medium,66.5
8.0,66.5,71.0,5,4,6.7,79.5,16,2024,High,68.7
9.0,75.1,38.2,5,0,7.5,51.5,17,2024,Medium,52.5
5.7,61.2,54.0,4,2,6.4,81.8,17,2024,Low,53.1
9.1,67.9,67.4,3,2,8.3,100.0,15,2024,High,69.3
6.9,62.2,51.9,1,2,10.2,48.6,17,2024,Low,58.0
9.4,65.8,69.3,4,5,6.0,54.4,15,2024,High,74.9
9.7,63.8,54.6,2,2,7.2,72.1,19,2024,Medium,59.6
6.0,88.1,65.9,2,3,7.0,53.6,18,2024,Low,57.3
4.3,63.9,58.9,3,3,7.4,90.3,18,2024,Medium,66.5
6.5,79.3,69.8,3,3,6.3,46.9,16,2024,Medium,66.0
8.5,64.7,91.1,2,4,6.2,90.3,19,2024,Medium,70.6
2.2,65.3,82.3,2,2,6.2,96.1,19,2024,Low,63.4
4.8,64.7,50.7,5,4,6.4,89.8,17,2024,Medium,49.1
7.7,93.7,100.0,4,3,6.5,78.4,15,2024,High,81.2
0.0,77.4,86.9,4,3,4.0,87.6,17,2024,Low,64.7
3.4,69.5,57.0,3,1,7.1,57.2,16,2024,Low,50.1
4.5,65.9,54.1,3,1,6.6,82.7,17,2024,Low,55.0
5.8,61.2,73.4,4,3,6.1,66.9,19,2024,Medium,70.7
5.2,69.9,79.3,4,1,7.1,94.0,18,2024,Medium,76.2
5.2,59.9,96.3,5,2,7.0,90.8,16,2024,Medium,73.2
2.7,73.9,76.1,2,2,6.5,63.4,16,2024,Low,57.1
10.4,70.1,57.4,2,1,7.0,84.3,19,2024,Medium,58.3
4.5,69.1,59.9,4,2,6.3,85.1,15,2024,Low,58.3
1.2,97.3,78.0,5,2,5.6,69.5,18,2024,Medium,58.7
8.8,76.6,46.6,3,1,9.4,78.4,15,2024,Low,52.3
4.1,77.5,91.9,4,2,6.4,87.2,17,2024,Medium,72.2
3.0,97.9,59.3,3,2,7.3,69.8,18,2024,Low,56.1
7.7,61.0,83.4,4,2,10.1,62.1,16,2024,Medium,68.9
4.7,73.2,87.2,4,3,6.5,82.1,17,2024,Medium,75.7
6.4,58.3,100.0,3,0,7.6,100.0,17,2024,Medium,72.6
4.4,81.0,63.1,3,1,9.8,75.3,17,2024,Low,63.4
4.8,88.5,63.6,4,2,5.0,71.7,16,2024,Medium,71.2
3.5,46.1,62.7,3,3,8.6,63.7,17,2024,Low,57.4
3.0,92.0,70.8,3,2,7.3,98.7,19,2024,Low,59.6
12.0,84.4,57.7,3,2,6.4,93.8,16,2024,High,73.3
3.9,80.5,87.4,5,2,7.1,75.4,15,2024,Medium,60.4
2.3,62.6,84.1,1,2,6.6,63.8,16,2024,Low,52.7
8.8,90.8,63.9,1,5,8.9,63.7,16,2024,High,71.3
6.7,100.0,56.6,3,4,7.0,62.6,15,2024,High,76.4
6.0,74.3,61.0,3,3,7.8,69.1,17,2024,Medium,68.2
4.8,75.6,60.5,3,2,6.4,67.9,17,2024,Low,60.1
5.0,80.3,75.9,5,2,7.4,64.7,18,2024,Medium,63.7
5.3,74.4,71.1,2,3,6.5,98.1,17,2024,Low,65.4
8.8,77.5,81.2,3,2,5.3,100.0,19,2024,High,79.8
5.4,94.4,91.8,3,2,8.6,58.4,18,2024,Medium,76.6
8.9,79.1,72.8,3,1,7.4,67.7,17,2024,Medium,68.0
5.9,84.1,77.5,3,0,7.9,60.9,17,2024,Medium,70.4
5.5,100.0,100.0,5,1,6.1,83.7,18,2024,High,83.7
3.4,100.0,77.1,3,3,8.4,71.9,18,2024,Medium,68.4
11.4,65.3,60.2,5,1,7.6,59.4,17,2024,High,76.4
6.0,100.0,66.9,3,4,7.2,100.0,16,2024,High,65.6
6.0,99.3,41.3,4,2,8.2,86.8,17,2024,Medium,55.5
10.6,100.0,76.7,4,1,6.6,60.4,18,2024,High,79.5
7.0,71.2,59.2,3,3,8.6,100.0,17,2024,Medium,56.6
7.3,83.0,53.7,4,2,6.2,57.4,19,2024,High,57.5
6.1,74.5,54.2,5,2,7.0,89.1,18,2024,Medium,58.3
4.1,81.7,86.3,2,2,5.9,100.0,17,2024,Low,69.7
9.0,100.0,63.9,3,2,5.6,75.6,16,2024,High,65.4
2.5,82.0,80.2,4,3,6.4,72.8,15,2024,Medium,70.5
3.6,55.9,74.2,3,2,6.8,81.0,17,2024,Low,63.4
4.1,74.8,71.2,4,2,7.7,100.0,16,2024,Low,65.1
6.6,70.8,61.9,3,2,6.2,100.0,15,2024,Medium,66.6
6.0,100.0,75.9,4,1,7.7,70.0,15,2024,High,73.1
1.3,68.6,61.2,4,3,6.6,83.5,17,2024,Low,53.9
11.8,74.3,70.5,4,4,6.4,94.6,18,2024,High,83.1
7.9,74.8,85.7,5,3,7.8,70.3,16,2024,High,72.0
4.8,100.0,89.1,2,2,6.3,57.6,17,2024,Medium,76.4
7.1,93.4,61.0,4,5,9.2,97.5,16,2024,High,68.5
7.1,88.0,74.0,3,3,7.5,87.2,16,2024,High,70.2
5.2,83.3,77.3,4,3,5.4,83.7,18,2024,High,73.7
7.0,83.0,71.8,3,3,6.9,97.9,17,2024,High,81.5
7.0,81.1,80.2,2,3,6.2,57.4,17,2024,Medium,57.4
8.7,100.0,80.4,4,3,5.0,73.8,19,2024,High,83.7
6.2,62.3,97.4,3,1,8.3,100.0,16,2024,High,80.1
6.8,41.3,100.0,3,1,8.3,88.2,18,2024,Medium,71.6
5.5,86.2,65.4,1,4,6.1,89.3,17,2024,Medium,63.3
4.9,99.6,94.6,4,1,7.9,79.9,17,2024,High,70.1
4.1,82.6,75.0,4,1,8.1,44.9,15,2024,Low,59.6
4.0,52.3,65.2,5,1,7.0,63.3,18,2024,Low,57.4
4.8,90.4,77.7,5,2,8.1,94.4,16,2024,Medium,64.7
5.4,65.1,64.3,4,2,7.4,68.2,17,2024,Low,61.6
8.5,62.0,67.3,3,3,8.4,74.9,18,2024,High,64.1
5.1,66.3,50.5,3,3,5.6,83.2,17,2024,Low,49.9
5.2,57.5,69.3,3,0,7.2,60.4,17,2024,Low,64.5
5.3,82.8,82.9,2,1,7.2,54.9,16,2024,Low,58.4
5.9,70.9,79.5,5,2,5.6,77.8,18,2024,High,70.8
10.2,61.4,73.8,4,1,5.7,71.3,17,2024,High,74.3
5.1,100.0,95.8,2,4,5.1,82.1,17,2024,High,78.4
7.4,72.6,100.0,5,3,7.1,52.2,17,2024,High,81.9
6.9,80.7,76.0,4,2,6.5,68.4,16,2024,High,73.3
6.2,100.0,93.6,5,0,5.5,90.4,17,2024,High,72.9
3.6,89.5,73.6,3,4,8.5,100.0,17,2024,Medium,64.2
7.3,100.0,69.4,3,2,7.5,80.1,17,2024,High,79.8
1.2,70.3,83.4,3,2,6.1,90.1,16,2024,Low,68.3
3.4,94.7,66.9,3,3,7.2,86.8,18,2024,Medium,64.6
4.6,86.9,30.2,3,4,6.7,83.3,18,2024,Low,49.4
5.4,93.9,63.9,1,1,5.1,90.3,15,2024,Low,55.1
6.2,91.8,43.9,5,0,7.3,60.7,17,2024,Medium,56.8
9.5,69.2,61.8,2,1,9.0,71.6,15,2024,Low,56.5
7.6,100.0,59.3,3,3,8.7,82.5,16,2024,High,62.9
6.4,48.4,59.4,5,1,7.1,60.6,17,2024,Low,57.2
5.2,67.9,51.2,4,2,6.5,85.8,16,2024,Medium,55.0
5.2,89.5,48.8,4,3,7.7,43.5,17,2024,Low,57.0
3.2,84.1,57.6,4,3,7.3,92.6,18,2024,Low,59.8
0.7,81.9,62.1,3,2,6.8,75.3,17,2024,Low,51.2
2.8,90.0,63.2,3,3,9.2,90.5,16,2024,Low,46.3
8.9,68.2,72.1,2,5,6.5,95.9,17,2024,High,67.8
4.2,91.8,79.3,2,0,8.1,100.0,17,2024,Low,59.7
4.7,78.2,51.8,4,3,7.2,82.8,19,2024,Low,55.3
8.6,99.6,54.0,3,2,7.2,46.8,17,2024,Medium,58.7
0.0,75.7,94.6,1,1,5.0,46.3,18,2024,Low,56.6
4.5,86.5,80.1,4,2,8.3,55.2,19,2024,Medium,71.8
3.3,88.9,55.6,4,3,8.0,91.0,17,2024,Low,54.3
6.7,92.7,47.9,3,2,7.2,52.6,15,2024,Medium,59.2
7.4,80.5,60.0,3,0,8.2,73.8,18,2024,Medium,58.1
7.4,76.0,63.9,4,5,7.5,70.4,18,2024,High,66.9
9.8,69.1,78.9,4,3,5.4,84.5,18,2024,High,70.8
7.4,86.8,31.2,3,2,5.8,90.9,19,2024,Medium,49.0
6.6,53.4,52.6,3,3,6.9,79.7,16,2024,Low,55.8
12.0,84.3,96.8,2,1,5.0,92.4,16,2024,High,75.1
0.7,85.4,68.3,1,1,8.3,58.2,17,2024,Low,46.6
11.5,100.0,69.0,3,1,6.7,96.4,17,2024,High,83.7
10.4,70.8,59.0,3,2,7.2,80.4,18,2024,Medium,65.1
5.6,82.6,80.6,5,4,5.8,91.7,16,2024,High,77.7
4.2,82.2,39.1,4,2,7.8,68.7,17,2024,Low,47.4
4.4,64.5,61.2,4,1,6.8,41.1,19,2024,Low,55.4
5.3,79.9,34.7,3,3,6.6,90.0,16,2024,Low,56.0
9.0,61.2,67.7,3,4,8.7,75.4,16,2024,High,65.0
0.0,93.5,60.9,2,1,8.6,99.6,17,2024,Low,57.3
11.0,88.3,41.9,2,3,7.9,85.6,15,2024,Medium,65.9
6.0,86.0,84.2,4,2,7.3,100.0,16,2024,High,63.0
8.9,71.1,79.0,4,1,6.4,100.0,16,2024,High,76.3
2.9,99.9,84.5,5,2,6.7,73.5,15,2024,High,71.6
7.8,64.8,43.9,4,0,6.6,49.5,16,2024,Low,57.6
7.0,80.7,51.9,5,4,7.5,62.3,16,2024,High,63.1
7.4,63.6,87.2,5,4,7.0,61.1,18,2024,High,83.4
4.3,77.4,81.0,5,3,7.0,68.6,17,2024,High,62.4
5.0,97.8,90.5,4,2,8.8,75.7,18,2024,High,81.7
2.9,86.6,64.2,3,1,8.4,83.7,16,2024,Low,57.0
7.9,67.1,66.3,2,3,6.1,100.0,15,2024,Medium,69.9
9.4,72.7,77.9,5,1,7.4,62.3,16,2024,High,69.6
6.7,74.7,46.4,3,2,6.1,53.0,15,2024,Low,56.0
0.0,68.3,71.1,1,0,7.7,93.0,18,2024,Low,54.7
9.4,83.8,100.0,3,2,9.3,100.0,16,2024,High,86.4
6.3,100.0,62.3,4,1,6.6,69.2,15,2024,Medium,64.9
0.0,72.2,42.3,5,0,7.9,96.7,18,2024,Low,44.9
1.7,100.0,74.6,3,2,8.9,91.9,18,2024,Low,52.7
3.4,79.9,53.6,3,2,6.8,47.2,15,2024,Low,48.7
6.0,84.5,66.3,4,2,7.6,66.5,17,2024,Medium,69.5
3.4,83.7,85.4,3,1,9.1,69.4,17,2024,Low,55.0
3.8,56.3,76.9,2,0,5.9,100.0,16,2024,Low,64.3
8.3,86.4,60.2,5,1,5.8,87.2,15,2024,High,62.9
9.0,46.0,81.4,4,3,5.5,68.9,18,2024,Medium,78.1
8.4,82.9,41.3,1,0,7.9,65.5,16,2024,Low,52.1
1.9,82.3,71.2,1,4,5.8,49.7,17,2024,Low,55.6
8.4,58.5,61.9,2,3,7.7,97.2,18,2024,Medium,67.6
4.8,80.9,30.2,4,4,8.6,85.1,16,2024,Low,56.9
10.9,75.9,48.6,3,4,6.2,89.2,15,2024,High,68.1
6.7,77.8,67.8,3,3,6.1,54.9,18,2024,Medium,60.8
9.0,78.0,79.9,3,3,7.8,91.2,17,2024,High,80.3
7.4,71.8,68.3,3,3,7.1,73.7,17,2024,Medium,61.0
7.1,81.1,63.3,2,2,4.2,64.9,17,2024,Low,65.3
5.1,92.1,81.0,4,3,8.8,87.2,16,2024,High,61.7
9.0,76.7,72.4,3,3,7.7,56.4,18,2024,High,74.5
8.3,79.3,84.0,5,0,6.5,81.2,16,2024,High,72.7
5.2,89.1,77.2,4,3,6.5,73.2,16,2024,High,66.2
4.9,100.0,56.6,1,4,7.8,97.3,17,2024,High,70.6
4.2,77.3,78.7,2,2,6.9,94.1,18,2024,Low,52.2
8.0,56.2,83.4,3,2,7.1,79.6,18,2024,Medium,77.4
6.6,67.4,90.4,4,2,7.2,83.1,15,2024,High,69.1
6.7,88.4,59.6,4,3,6.0,88.8,18,2024,High,71.4
5.1,100.0,62.2,4,1,6.6,77.8,17,2024,Medium,58.8
9.6,66.8,82.1,1,3,6.8,63.3,17,2024,High,65.1
2.3,79.4,81.5,1,1,6.1,69.3,19,2024,Low,58.3
8.0,80.3,59.8,4,1,7.3,56.0,16,2024,Low,61.5
8.5,69.2,57.2,4,3,7.6,94.7,17,2024,High,63.7
5.2,100.0,61.1,4,1,9.0,85.2,17,2024,High,68.5
2.4,96.3,69.3,2,4,6.1,70.4,16,2024,Medium,67.5
7.0,84.8,53.8,5,5,8.1,65.0,18,2024,High,76.9
9.0,74.1,74.7,3,2,8.7,82.3,17,2024,High,74.5
10.4,93.4,40.4,3,4,8.1,52.6,17,2024,High,69.8
7.6,87.2,54.7,2,2,6.4,58.8,17,2024,Medium,63.7
4.5,73.9,70.9,1,1,6.6,77.6,17,2024,Low,56.1
7.7,93.6,53.3,4,2,8.8,100.0,17,2024,Medium,68.5
7.3,85.2,61.3,1,3,6.8,86.1,16,2024,Low,62.4
6.8,56.8,66.0,3,3,7.0,81.3,16,2024,Medium,63.1
3.8,66.1,100.0,2,2,6.4,56.9,15,2024,Low,74.8
7.5,61.4,47.1,1,1,7.9,61.2,18,2024,Low,49.5
7.2,94.4,71.8,5,3,4.0,100.0,18,2024,High,75.6
12.0,70.2,51.6,4,2,6.0,69.7,17,2024,High,72.5
6.2,88.8,51.0,3,2,5.8,79.3,19,2024,Low,52.7
10.2,100.0,54.0,3,3,8.9,88.7,16,2024,High,71.6
9.5,91.1,65.5,5,2,7.3,70.4,18,2024,High,78.2
6.1,74.1,90.9,4,1,6.8,68.9,16,2024,Medium,77.4
9.1,69.6,86.8,4,3,6.8,47.0,15,2024,High,75.8
4.0,75.7,60.7,3,1,5.3,56.1,15,2024,Low,53.9
5.5,65.6,63.7,4,3,8.6,88.6,17,2024,Medium,63.0
4.7,64.0,77.5,3,2,6.6,70.1,18,2024,Low,66.5
5.6,68.7,68.9,3,2,7.7,90.0,18,2024,Medium,62.0
1.0,87.5,57.8,3,3,6.2,49.5,17,2024,Low,42.2
10.5,72.7,78.6,5,1,6.9,92.6,15,2024,High,72.6
5.2,76.8,93.9,3,3,5.9,77.3,15,2024,Medium,80.6
8.0,86.6,84.9,3,4,6.7,51.5,19,2024,High,85.0
6.6,90.2,89.7,3,4,8.2,98.3,15,2024,High,73.4
5.3,53.0,65.8,4,3,7.1,52.7,18,2024,Low,70.2
2.8,55.9,50.7,4,5,7.4,97.4,15,2024,Low,55.4
3.7,74.6,36.0,3,2,7.1,77.4,16,2024,Low,41.5
5.4,64.4,34.8,4,1,9.0,61.9,16,2024,Low,47.2
4.8,92.0,64.7,4,3,6.0,100.0,16,2024,Low,64.4
3.6,73.5,76.1,3,4,6.8,85.3,17,2024,Medium,66.0
4.3,100.0,81.5,3,2,7.2,99.9,15,2024,High,76.9
7.2,73.2,71.9,5,1,5.8,85.8,19,2024,Medium,68.4
8.2,84.3,56.5,4,5,7.2,74.1,15,2024,High,66.4
3.1,70.7,78.5,4,3,7.0,62.3,18,2024,Medium,72.7
3.8,86.8,48.8,5,0,7.1,74.7,17,2024,Low,60.6
6.5,87.1,50.3,3,2,7.1,80.9,15,2024,Low,57.5
5.6,92.4,77.8,3,1,6.2,92.7,15,2024,Medium,69.5
5.1,78.1,48.3,3,1,5.1,70.9,17,2024,Medium,49.5
8.3,97.8,55.8,3,0,7.2,87.2,16,2024,Medium,70.4
6.5,84.2,52.4,4,1,5.9,100.0,17,2024,Medium,56.1
1.9,71.0,70.7,2,2,6.9,80.8,17,2024,Low,54.4
4.0,71.1,77.4,3,0,6.1,42.7,17,2024,Low,63.7
1.8,90.2,77.8,2,4,5.2,78.9,17,2024,Medium,64.2
5.6,97.7,58.7,5,3,7.4,76.3,15,2024,High,65.0
2.7,64.3,65.3,4,2,7.8,75.7,18,2024,Low,55.6
1.6,90.5,79.8,4,1,8.3,49.3,16,2024,Low,59.0
0.9,59.2,59.5,2,5,6.5,83.0,15,2024,Low,49.4
11.0,71.4,53.4,2,2,7.0,68.4,15,2024,Medium,67.8
2.6,86.9,57.7,4,2,7.4,76.1,16,2024,Medium,66.6
5.2,68.1,58.3,4,1,8.2,95.1,17,2024,Medium,63.3
6.1,100.0,68.5,1,1,4.9,63.4,17,2024,Low,57.7
6.3,88.5,67.6,4,3,5.2,76.2,15,2024,Medium,66.2
7.6,63.5,65.3,3,2,8.7,74.4,15,2024,Medium,55.3
5.9,89.2,55.2,2,5,5.0,75.0,15,2024,Medium,66.0
4.9,61.5,53.1,4,5,8.1,70.0,17,2024,Low,55.4
6.5,80.1,78.4,2,1,8.6,71.0,18,2024,Medium,62.1
6.5,92.3,73.5,4,5,8.0,100.0,17,2024,High,84.3
6.1,89.9,61.0,4,5,5.8,70.4,18,2024,High,66.4
7.6,78.8,67.1,5,3,5.9,82.9,16,2024,High,66.3
4.4,75.2,87.4,3,2,6.9,79.9,15,2024,Medium,82.5
5.5,63.8,66.8,3,1,9.1,79.3,18,2024,Low,57.9
2.7,82.6,67.9,4,1,9.1,86.6,18,2024,Low,62.9
5.4,91.3,92.4,3,0,7.4,66.6,17,2024,Medium,77.0
4.4,100.0,85.1,4,3,5.1,100.0,18,2024,High,70.3
8.6,73.6,57.7,4,4,7.2,61.4,17,2024,High,66.9
2.3,91.9,85.1,3,3,6.8,75.0,17,2024,Medium,68.2
4.8,90.7,65.3,4,3,7.0,56.6,17,2024,Low,50.8
4.7,73.3,51.2,3,2,5.0,94.1,17,2024,Low,43.9
7.7,90.1,88.9,5,3,7.3,61.4,17,2024,High,70.7
2.8,68.6,56.6,4,3,5.2,91.6,16,2024,Low,52.1
6.0,83.6,59.8,4,1,4.0,82.8,19,2024,Low,53.0
6.2,77.0,61.9,5,3,7.3,81.2,19,2024,High,61.6
8.3,86.2,100.0,3,1,9.3,98.1,16,2024,High,79.2
3.9,87.3,52.8,4,1,6.0,67.1,17,2024,Low,56.4
2.7,72.6,58.4,3,2,6.4,100.0,18,2024,Low,52.4
7.2,79.9,62.5,2,2,8.1,71.1,15,2024,Medium,57.7
2.5,78.2,76.4,4,3,8.4,85.8,15,2024,Medium,76.6
4.7,64.7,66.9,3,2,7.1,74.5,17,2024,Low,57.1
5.4,74.8,57.3,4,0,6.1,89.1,15,2024,Low,59.8
7.5,71.9,78.0,2,5,8.6,60.0,18,2024,High,69.6
2.1,64.2,89.7,5,3,5.5,79.9,18,2024,Medium,77.1
5.3,68.7,42.0,3,4,6.4,78.3,18,2024,Low,49.2
6.1,76.4,57.1,1,3,7.7,85.8,18,2024,Medium,73.2
3.8,80.8,76.2,3,1,5.1,85.3,17,2024,Medium,60.0
5.1,62.6,48.3,4,4,7.5,62.5,15,2024,Medium,53.5
8.2,96.8,65.5,5,5,8.4,100.0,15,2024,High,76.0
4.7,88.6,88.3,3,0,9.0,77.0,18,2024,Medium,68.7
5.1,78.8,78.0,2,1,6.5,91.1,18,2024,Low,58.8
8.2,62.9,76.3,5,5,6.5,55.3,16,2024,High,87.7
5.5,77.0,80.0,5,1,7.9,70.5,18,2024,High,78.4
9.3,76.2,73.2,2,3,6.3,97.4,15,2024,High,69.4
1.9,64.9,62.6,2,0,6.6,100.0,16,2024,Low,51.9
5.3,63.7,83.4,4,3,7.4,85.6,16,2024,Medium,75.6
7.9,90.7,60.4,3,3,7.4,76.4,15,2024,High,68.9
4.2,75.5,65.4,4,4,4.7,58.9,18,2024,Medium,60.3
5.4,92.4,41.5,3,3,5.6,92.4,18,2024,Medium,61.8
9.2,79.8,60.4,1,0,4.8,83.5,17,2024,Low,65.5
4.1,90.5,69.3,4,2,5.0,35.6,17,2024,Medium,58.6
7.2,90.1,68.4,2,2,5.7,46.8,17,2024,Medium,72.1
7.9,86.5,82.8,3,2,6.7,84.3,18,2024,High,70.3
6.2,96.6,61.0,4,2,6.8,63.0,16,2024,Medium,67.0
6.1,81.4,61.6,3,1,4.4,59.3,16,2024,Low,54.8
3.4,59.1,59.3,3,3,5.9,76.1,17,2024,Low,57.0
7.8,61.3,71.9,4,2,5.2,84.2,17,2024,Medium,65.9
2.9,70.9,92.7,2,4,6.8,100.0,17,2024,Low,79.2
7.0,90.4,31.0,4,2,6.2,63.3,18,2024,Medium,43.8
4.7,74.4,60.2,3,2,8.5,85.8,16,2024,Low,54.8
5.0,82.9,62.4,2,3,6.8,59.5,17,2024,Low,58.0
5.5,87.5,33.9,4,3,6.3,69.1,17,2024,Low,53.2
7.2,82.3,66.0,3,2,6.7,81.4,16,2024,Medium,61.8
9.9,47.9,62.3,2,2,6.2,75.3,15,2024,Medium,50.3
6.3,63.4,61.0,3,2,8.6,53.4,18,2024,Medium,64.9
4.2,100.0,50.3,3,3,6.6,87.2,17,2024,Medium,65.2
2.4,84.6,66.6,4,1,7.5,91.3,15,2024,Low,58.9
8.9,42.2,49.3,2,1,7.9,100.0,19,2024,Low,50.3
6.4,81.0,54.5,5,2,6.2,82.0,16,2024,Medium,59.6
5.4,100.0,64.8,3,2,4.8,81.1,17,2024,Medium,57.6
6.1,83.8,84.3,3,1,6.4,83.5,17,2024,Low,71.3
7.9,80.6,74.6,2,2,7.8,53.4,16,2024,Medium,68.4
5.0,54.4,77.8,2,0,5.0,54.7,16,2024,Low,55.1
4.3,76.2,99.4,5,1,7.3,76.5,18,2024,High,77.2
2.7,57.0,75.0,4,3,8.0,36.7,16,2024,Low,68.7
3.3,62.9,51.3,4,2,8.7,57.6,17,2024,Low,58.2
5.1,59.7,59.0,3,0,7.8,69.0,18,2024,Low,50.0
8.7,100.0,54.3,3,5,7.4,96.2,15,2024,High,82.0
4.7,90.2,65.8,5,1,7.2,82.7,18,2024,High,73.6
6.7,99.6,61.4,3,2,5.6,50.7,17,2024,High,68.6
8.8,61.5,52.9,3,5,5.9,77.3,16,2024,High,62.0
7.0,82.7,82.8,2,1,4.9,88.5,17,2024,Medium,67.5
10.9,65.9,83.9,3,5,7.1,90.9,17,2024,High,79.5
6.2,67.4,70.9,4,3,7.5,96.8,15,2024,High,69.0
5.6,86.6,52.0,3,2,7.1,99.6,17,2024,Medium,66.0
5.0,82.5,69.9,5,2,7.3,88.3,19,2024,High,65.1
11.0,84.0,58.2,1,2,7.9,86.8,17,2024,High,70.9
9.0,62.4,88.6,3,3,5.4,82.2,16,2024,High,68.3
2.4,81.8,48.9,5,0,7.1,93.2,17,2024,Low,54.8
11.3,84.9,78.5,4,3,7.3,63.8,18,2024,High,84.4
7.2,70.5,78.2,4,5,6.4,74.3,16,2024,High,81.0
6.3,76.2,82.3,3,2,4.4,65.4,17,2024,Low,60.9
7.3,57.0,71.1,3,1,5.8,85.8,17,2024,Low,58.8
3.6,49.8,62.7,5,1,6.4,73.3,16,2024,Low,60.2
6.5,100.0,100.0,4,2,7.2,96.2,18,2024,High,90.8
5.2,82.9,54.0,3,1,7.0,78.9,17,2024,Low,53.2
5.1,75.0,79.5,3,1,9.3,97.1,17,2024,Medium,57.4
8.4,91.2,68.3,2,3,8.1,40.0,17,2024,High,64.6
5.3,67.8,73.5,5,2,7.0,65.0,18,2024,Medium,67.0
6.2,81.5,73.4,4,4,7.1,94.9,17,2024,High,62.8
6.8,95.5,50.7,4,2,8.5,78.4,17,2024,Medium,63.9
8.4,64.6,46.5,4,1,8.6,97.0,16,2024,Medium,55.0
9.2,73.1,47.6,5,1,7.4,82.5,18,2024,High,62.8
6.0,60.7,60.9,4,3,9.1,61.2,16,2024,Low,65.1
5.1,91.7,72.0,3,3,5.9,100.0,16,2024,Medium,69.5
10.8,82.9,57.0,2,3,7.0,66.1,18,2024,High,76.8
0.0,96.4,45.0,4,2,10.8,64.6,15,2024,Low,60.5
8.2,91.8,82.7,3,4,7.9,92.8,18,2024,High,73.8
5.6,76.3,43.4,4,1,6.8,61.6,17,2024,Low,54.4
7.4,85.8,75.7,3,0,7.1,54.7,16,2024,Medium,66.4
6.1,85.9,56.0,2,3,7.2,64.2,18,2024,Low,64.5
9.2,90.3,87.5,3,3,9.0,92.8,16,2024,High,86.5
7.0,100.0,59.6,3,2,8.0,100.0,17,2024,High,63.2
2.4,64.7,39.8,3,0,6.9,78.1,18,2024,Low,44.5
2.3,53.7,67.4,3,1,5.0,65.0,17,2024,Low,47.1
5.5,65.3,54.6,3,1,6.1,100.0,18,2024,Low,54.3
7.5,86.6,81.0,3,3,7.1,66.9,19,2024,High,75.9
9.3,85.8,73.3,5,3,6.8,70.0,17,2024,High,77.6
4.3,72.0,57.9,2,3,8.3,85.5,16,2024,Low,61.9
0.5,76.2,52.0,3,3,6.7,98.5,18,2024,Low,50.2
7.1,68.3,50.4,4,0,8.0,79.3,17,2024,Medium,52.2
6.1,78.5,58.6,5,3,5.2,71.6,17,2024,Medium,59.9
6.4,70.3,89.8,3,1,6.4,100.0,17,2024,Medium,72.0
3.2,100.0,65.7,3,2,7.8,65.9,18,2024,Low,61.3
9.0,98.5,83.2,4,3,9.5,67.9,17,2024,High,82.2
4.0,90.1,44.3,3,3,6.8,71.0,16,2024,Low,58.4
6.8,80.4,37.3,5,1,8.0,87.9,18,2024,Medium,55.4
6.7,95.9,52.9,3,2,8.6,69.6,18,2024,Low,60.6
7.4,81.4,78.5,4,4,8.1,92.7,15,2024,High,69.3
4.1,82.3,63.4,4,3,7.9,77.1,16,2024,Medium,61.7
3.7,55.8,82.2,2,1,6.6,72.3,19,2024,Low,56.3
8.1,83.6,88.2,3,2,8.8,67.9,16,2024,High,83.4
7.4,61.9,52.7,3,1,5.4,77.5,16,2024,Low,53.2
6.8,74.4,81.3,4,3,5.5,86.0,17,2024,High,69.4
8.8,82.4,90.2,5,3,9.2,77.4,16,2024,High,78.4
6.9,67.4,84.5,3,1,7.4,82.2,17,2024,Medium,72.1
5.1,86.7,42.5,2,2,5.5,64.0,16,2024,Low,51.2
7.3,94.7,38.3,3,3,5.3,65.1,17,2024,Medium,51.5
7.1,67.6,60.8,3,1,5.2,77.9,19,2024,Low,62.2
7.2,81.6,61.4,1,3,9.4,80.2,16,2024,Medium,63.5
3.8,62.5,81.5,5,2,6.9,78.9,15,2024,Medium,67.4
3.6,63.7,52.5,5,3,6.4,67.4,18,2024,Low,47.7
8.2,84.3,74.7,5,0,9.0,79.3,17,2024,Medium,71.3
5.6,90.0,50.7,3,1,7.3,78.5,17,2024,Low,58.7
1.1,58.9,73.5,2,1,6.6,75.8,19,2024,Low,47.2
2.6,100.0,60.7,4,4,8.3,66.3,15,2024,Medium,64.8
2.7,73.0,73.7,3,2,7.7,87.3,17,2024,Low,56.6
8.7,82.9,62.2,3,2,7.7,77.8,16,2024,High,66.5
5.9,72.5,32.7,4,1,6.7,64.5,15,2024,Medium,50.0
6.1,76.0,76.1,4,1,5.9,75.8,17,2024,Medium,67.9
5.1,100.0,86.7,3,2,5.8,67.5,19,2024,Medium,66.2
3.4,100.0,54.6,3,1,7.1,78.1,18,2024,Low,57.2
7.9,56.9,81.0,3,4,7.0,100.0,16,2024,High,70.2
7.6,72.1,58.2,4,2,7.6,80.7,17,2024,Medium,59.4
4.2,100.0,46.4,1,1,6.5,81.6,18,2024,Low,54.0
9.5,73.9,58.2,3,0,8.5,100.0,16,2024,Medium,61.7
7.9,85.9,65.1,4,1,5.4,82.9,16,2024,Medium,63.6
3.9,95.9,46.9,2,2,7.5,85.8,16,2024,Low,50.0
5.3,91.9,89.6,3,1,5.9,80.6,17,2024,High,70.4
5.1,40.6,43.5,3,2,6.7,71.1,15,2024,Low,44.7
6.8,84.7,59.3,5,4,5.9,86.1,17,2024,High,66.3
2.4,100.0,53.2,3,0,6.6,100.0,18,2024,Low,51.6
4.2,80.4,89.7,3,3,5.7,54.2,18,2024,Medium,73.2
8.0,65.4,43.9,3,2,5.8,69.8,17,2024,Low,56.2
2.0,65.7,81.2,5,4,8.2,62.6,16,2024,Medium,74.5
5.5,77.2,71.2,5,3,5.3,64.7,18,2024,High,63.0
2.9,89.5,48.0,3,1,7.8,100.0,19,2024,Low,56.2
8.3,100.0,62.4,5,5,8.0,75.2,16,2024,High,74.5
6.9,75.9,65.1,4,1,7.9,91.0,19,2024,Medium,66.3
2.3,87.9,77.4,4,2,7.0,66.0,18,2024,Medium,67.3
3.4,58.4,57.7,2,5,5.7,66.4,19,2024,Low,50.8
6.0,56.4,78.1,1,1,5.1,59.7,16,2024,Low,64.7
0.2,73.0,68.8,3,3,5.6,100.0,19,2024,Low,57.8
3.2,86.2,75.2,2,5,5.6,92.0,16,2024,Medium,70.7
3.9,78.8,53.9,5,3,7.3,59.1,16,2024,High,74.0
9.2,80.7,64.1,4,3,5.3,98.6,15,2024,High,66.2
4.6,76.2,69.8,4,3,6.8,73.3,17,2024,High,68.4
7.6,79.6,69.3,1,2,7.0,86.2,15,2024,Medium,66.0
4.8,75.9,67.4,3,4,6.6,78.8,16,2024,Low,55.6
7.9,61.1,100.0,2,2,6.7,52.1,17,2024,Medium,72.2
2.1,59.1,77.2,5,3,8.5,63.1,15,2024,Low,69.0
4.2,99.0,79.6,4,3,7.6,100.0,18,2024,High,71.8
5.7,68.5,72.0,2,2,7.8,94.9,16,2024,Medium,69.8
6.4,76.6,76.5,4,4,6.6,59.6,15,2024,High,67.5
6.8,96.7,71.2,2,0,7.9,81.7,16,2024,Medium,75.1
6.5,76.2,97.1,2,2,7.4,74.1,15,2024,High,64.7
7.3,92.3,67.0,2,3,7.3,98.6,18,2024,High,74.9
6.0,67.6,81.3,5,0,6.5,74.3,16,2024,Medium,72.3
6.4,100.0,100.0,3,4,7.3,64.2,15,2024,High,73.6
3.5,83.2,78.4,3,3,9.5,91.3,17,2024,Medium,64.3
2.0,79.6,63.4,1,1,7.7,99.4,17,2024,Low,43.2
3.2,77.7,56.3,3,2,9.1,85.1,16,2024,Low,56.0
1.8,90.7,60.1,3,3,4.7,88.3,16,2024,Low,51.7
6.6,83.3,74.3,3,2,7.1,56.5,18,2024,High,59.9
8.3,35.2,96.5,3,4,8.0,55.0,17,2024,Medium,75.7
3.6,73.7,77.7,2,1,7.5,53.7,16,2024,Low,63.6
8.5,84.5,61.8,5,3,7.6,96.9,19,2024,High,81.3
7.1,66.4,63.1,3,2,6.5,71.0,16,2024,Low,63.5
4.6,72.9,65.6,5,2,8.5,92.9,17,2024,Medium,52.7
5.1,74.6,46.5,3,1,5.1,67.2,17,2024,Low,48.8
8.8,100.0,60.7,5,5,6.8,77.7,16,2024,High,81.9
0.2,88.4,60.0,4,2,7.1,63.5,16,2024,Low,50.4
8.8,84.6,100.0,4,1,6.3,72.1,17,2024,High,79.3
8.2,63.7,82.8,1,0,7.0,47.2,16,2024,Low,62.7
4.5,70.4,50.8,2,2,4.6,72.3,16,2024,Low,50.2
5.8,91.9,42.9,3,0,5.4,70.7,17,2024,Low,59.8
10.1,89.2,47.1,3,2,8.5,47.5,18,2024,Medium,61.2
2.7,60.1,90.6,5,4,7.3,85.6,18,2024,Medium,74.1
5.5,99.6,46.4,3,2,6.5,88.3,15,2024,Medium,52.3
7.6,68.0,93.8,5,0,8.2,66.1,18,2024,High,71.1
6.5,85.0,71.8,4,1,8.7,56.3,19,2024,Medium,68.2
6.1,100.0,64.1,4,0,9.2,100.0,17,2024,Medium,62.6
10.5,74.1,49.7,3,4,4.7,82.6,17,2024,High,56.9
3.2,82.3,88.2,2,1,8.7,35.2,19,2024,Low,66.4
3.3,72.2,76.7,1,0,5.6,70.3,18,2024,Low,54.0
0.0,82.5,82.4,4,5,7.4,66.3,17,2024,Low,64.3
3.3,100.0,63.6,5,2,7.7,64.9,18,2024,Medium,70.5
4.3,77.3,78.7,2,2,8.9,97.7,16,2024,Low,63.7
6.8,75.9,91.7,4,4,7.6,82.6,17,2024,High,76.0
8.4,95.4,77.5,3,2,7.3,89.4,18,2024,High,77.0
3.6,62.3,51.1,5,1,6.0,75.5,16,2024,Low,52.9
5.6,81.2,76.3,5,3,5.0,93.4,17,2024,High,70.7
9.5,69.8,80.1,3,1,6.0,71.3,16,2024,High,65.6
5.5,76.7,94.8,4,2,8.7,82.2,18,2024,High,76.8
7.3,67.6,77.4,4,3,7.0,86.8,18,2024,Medium,73.3
8.8,60.0,85.6,4,4,9.0,66.8,17,2024,High,73.9
3.7,49.1,77.9,2,3,6.1,40.3,16,2024,Low,50.8
3.2,73.7,46.3,4,2,7.9,47.5,17,2024,Low,56.5
10.1,83.2,81.3,3,0,7.2,100.0,16,2024,Medium,75.6
7.4,91.4,69.9,4,3,8.6,89.7,16,2024,Medium,70.7
2.7,61.3,100.0,2,2,6.7,90.6,19,2024,Low,72.2
3.4,82.1,45.0,4,2,6.8,100.0,15,2024,Low,56.3
5.5,87.8,49.9,5,3,8.5,57.8,16,2024,Medium,51.9
9.5,85.0,79.6,2,3,4.5,65.0,17,2024,High,69.4
8.5,83.6,92.2,5,0,6.8,58.1,15,2024,High,81.7
8.7,49.7,66.1,3,2,5.0,100.0,15,2024,Medium,65.1
4.9,78.3,66.2,3,1,7.0,60.0,17,2024,Low,62.5
6.0,78.8,71.3,1,1,6.5,100.0,15,2024,Low,65.3
4.0,87.6,60.3,3,1,7.7,66.1,16,2024,Low,51.7
5.0,99.4,83.8,2,4,7.6,79.5,17,2024,High,79.1
3.2,76.4,60.3,5,3,6.7,100.0,16,2024,Medium,61.9
3.8,75.2,79.2,3,4,5.8,83.1,18,2024,Medium,65.3
4.2,81.8,46.8,4,2,7.1,75.6,19,2024,Low,66.0
5.6,80.3,95.5,4,0,8.6,100.0,18,2024,Medium,66.3
7.1,86.1,34.1,3,0,5.8,45.0,19,2024,Low,45.2
10.2,87.4,51.0,5,1,5.2,61.0,16,2024,High,64.7
5.1,77.5,100.0,2,3,4.8,72.4,16,2024,High,77.4
7.5,87.0,69.6,4,1,5.2,96.8,16,2024,High,61.2
5.6,76.9,57.4,3,1,7.0,68.9,18,2024,Low,51.8
8.4,59.7,47.6,1,4,5.3,95.4,16,2024,Low,54.8
2.9,63.8,61.0,5,1,6.6,47.0,18,2024,Low,48.6
4.7,47.3,72.6,4,2,7.6,98.7,17,2024,Low,68.3
7.7,100.0,75.8,4,2,4.4,94.1,15,2024,High,77.4
7.5,98.0,73.2,3,4,8.2,58.7,18,2024,High,65.4
7.5,94.5,39.4,2,3,8.7,77.4,17,2024,Low,52.2
9.5,77.0,70.2,4,2,9.2,73.2,16,2024,High,72.0
1.7,93.7,73.4,3,4,8.8,86.1,19,2024,Medium,57.0
2.9,92.6,73.6,3,3,9.9,98.9,18,2024,Medium,59.0
7.4,59.6,68.5,3,3,7.3,65.7,17,2024,Medium,58.8
8.0,69.0,48.3,5,5,8.0,84.7,19,2024,High,84.2
7.6,87.5,53.3,5,1,6.7,82.4,18,2024,High,69.8
12.0,73.2,87.4,3,1,7.8,80.2,15,2024,High,79.2
3.7,70.1,55.6,4,2,7.2,100.0,19,2024,Medium,52.9
6.9,91.5,56.4,3,2,5.0,80.9,17,2024,Medium,57.8
5.8,68.4,63.3,4,4,5.2,56.1,16,2024,Medium,70.9
7.6,100.0,48.5,2,1,9.2,91.3,18,2024,Low,66.2
6.9,100.0,78.1,4,2,7.2,100.0,15,2024,High,69.9
4.7,77.0,47.7,4,2,8.7,80.5,17,2024,Medium,58.5
7.0,97.5,85.3,2,2,6.3,100.0,16,2024,High,73.0
6.2,82.6,46.5,4,0,5.9,70.5,15,2024,Low,58.7
6.3,74.2,63.5,2,1,6.9,85.5,16,2024,Low,52.2
8.8,100.0,73.5,2,1,7.9,49.9,16,2024,High,74.4
12.0,85.5,80.6,3,2,8.7,67.0,17,2024,High,72.3
1.2,67.5,64.4,5,2,7.2,81.0,17,2024,Low,62.0
9.2,86.4,56.8,5,1,7.8,90.1,17,2024,High,63.5
7.6,100.0,90.7,4,3,6.8,85.9,16,2024,High,75.9
4.1,80.0,70.9,5,3,8.7,100.0,18,2024,High,65.9
5.1,82.9,65.3,3,1,8.8,50.5,18,2024,Low,67.4
8.2,75.8,38.9,3,3,6.1,100.0,16,2024,Medium,61.2
6.1,84.9,71.1,5,0,7.5,65.2,17,2024,Medium,65.3
5.9,66.3,67.9,2,4,5.8,55.9,17,2024,Medium,58.7
4.3,68.9,46.3,5,5,8.0,96.7,19,2024,High,67.7
4.1,75.2,55.5,4,1,6.5,58.0,19,2024,Low,41.3
3.6,82.3,69.5,3,3,6.0,100.0,15,2024,Low,61.3
4.7,95.6,75.5,3,0,4.6,38.7,19,2024,Low,57.4
5.7,77.9,51.7,2,5,8.3,64.4,15,2024,Low,64.8
6.9,91.6,51.9,4,2,7.2,93.8,17,2024,High,77.0
3.9,73.8,69.9,3,2,7.3,90.1,16,2024,Low,61.0
7.9,88.2,54.5,3,3,8.0,30.6,16,2024,Medium,58.9
3.7,96.8,64.8,2,1,6.1,66.1,17,2024,Low,58.1
7.9,78.4,96.4,3,2,5.9,47.1,17,2024,Medium,72.1
3.8,84.9,67.3,4,0,7.7,80.5,16,2024,Medium,60.4
11.0,71.8,84.4,3,3,8.4,78.9,19,2024,High,79.6
7.6,88.2,48.1,1,3,7.6,73.5,15,2024,Low,59.0
8.1,40.8,55.7,3,4,8.9,76.1,16,2024,Medium,59.6
5.6,57.2,55.4,3,2,7.7,58.2,18,2024,Low,57.3
7.5,88.0,50.3,2,3,7.6,64.8,18,2024,Low,52.6
2.9,57.1,39.7,4,1,8.0,97.2,18,2024,Low,42.3
3.6,73.2,71.1,4,3,6.7,69.2,16,2024,Low,58.0
5.2,99.6,74.2,3,0,5.5,67.7,17,2024,Low,67.2
9.8,92.1,52.9,4,1,7.0,98.5,18,2024,High,68.0
8.5,100.0,56.1,4,3,7.9,56.8,17,2024,High,68.4
0.4,81.1,69.2,2,2,6.0,100.0,17,2024,Low,57.6
3.5,78.8,68.3,3,2,5.3,100.0,17,2024,Low,61.4
5.8,80.1,84.5,1,3,6.1,59.7,15,2024,Low,66.8
9.1,67.1,86.1,5,2,8.6,94.6,16,2024,High,86.6
6.6,77.0,57.3,3,2,7.6,39.1,18,2024,Low,61.2
0.0,62.4,66.9,4,2,6.8,79.8,16,2024,Low,53.2
3.1,96.4,52.0,4,3,5.8,59.8,17,2024,Medium,55.9
7.8,90.3,92.0,4,2,7.3,87.1,17,2024,High,84.0
6.5,63.8,72.3,3,4,7.2,83.7,17,2024,Medium,69.7
6.3,70.7,83.9,4,1,7.5,73.0,16,2024,Medium,69.7
8.8,85.5,62.2,2,2,10.0,58.3,17,2024,Medium,54.5
5.1,83.8,84.3,2,2,7.6,94.5,17,2024,Medium,75.7
7.7,65.3,79.9,3,2,6.2,77.4,18,2024,Medium,62.1
10.1,80.9,88.5,4,2,5.3,65.3,17,2024,High,80.5
6.6,88.0,46.5,4,2,6.3,68.8,16,2024,Medium,65.0
3.8,88.4,69.2,4,2,6.5,76.3,17,2024,Medium,64.4
4.9,100.0,85.6,5,2,8.0,76.2,15,2024,High,79.1
3.7,83.5,53.0,4,4,6.3,83.6,17,2024,Low,61.8
0.4,62.6,76.4,3,1,5.8,95.2,19,2024,Low,47.3
4.0,65.1,77.1,5,2,7.6,96.9,17,2024,Medium,59.4
7.6,97.6,79.2,3,1,6.3,73.9,16,2024,High,72.7
6.0,100.0,73.3,1,2,7.7,85.7,17,2024,High,70.1
9.4,79.5,77.9,1,1,6.0,74.4,19,2024,Medium,65.9
6.4,85.4,74.9,4,3,6.4,99.8,18,2024,Medium,74.5
8.2,81.3,87.0,5,3,6.3,75.6,18,2024,High,73.0
1.6,75.8,56.5,4,1,7.5,80.2,17,2024,Low,48.1
4.9,59.1,73.4,3,5,6.8,77.5,16,2024,Medium,74.1
5.3,86.7,87.5,4,1,5.5,86.3,15,2024,Medium,71.6
3.9,100.0,55.5,4,3,5.4,89.4,19,2024,Medium,71.8
9.8,82.4,56.9,4,1,6.6,100.0,16,2024,High,67.3
1.2,75.8,76.4,3,2,5.3,99.8,16,2024,Low,60.1
5.7,74.0,90.1,3,3,6.5,78.8,18,2024,High,75.0
8.8,87.0,65.9,1,2,7.3,77.2,16,2024,Medium,66.6
7.9,96.1,69.5,4,2,5.6,73.9,17,2024,High,65.8
5.1,87.5,73.8,4,3,8.0,96.1,18,2024,High,71.4
3.7,53.8,60.2,3,3,8.7,82.4,17,2024,Low,57.5
8.7,100.0,100.0,3,4,8.3,100.0,17,2024,High,93.7
4.7,91.7,53.2,3,1,7.8,76.9,15,2024,Medium,60.6
3.9,77.5,69.4,4,0,7.5,100.0,17,2024,Low,61.5
8.5,72.6,69.7,3,5,7.3,100.0,17,2024,High,72.2
6.8,73.7,33.0,4,1,7.4,100.0,18,2024,Low,52.4
5.1,92.1,54.5,5,0,6.3,72.1,17,2024,Medium,60.9
6.8,52.3,46.4,3,1,7.0,76.5,17,2024,Low,46.5
7.1,87.2,79.5,2,3,7.2,75.1,18,2024,High,67.5
5.9,83.9,40.9,5,2,7.8,100.0,17,2024,Medium,60.9
6.4,83.7,83.1,3,1,5.1,69.9,16,2024,High,69.4
0.6,63.7,49.1,5,1,7.3,67.6,18,2024,Low,48.0
5.7,56.1,83.4,4,2,8.3,90.5,18,2024,Low,68.7
4.4,100.0,45.7,3,0,6.3,54.1,18,2024,Low,54.2
4.0,81.9,74.8,4,0,6.9,91.8,16,2024,Low,65.5
4.3,100.0,83.0,3,3,4.8,57.5,16,2024,High,76.4
4.8,92.6,77.2,2,2,7.1,70.6,19,2024,Low,68.0
5.3,81.6,48.5,3,0,5.2,98.8,15,2024,Low,49.5
6.4,83.2,86.1,3,2,6.3,68.0,17,2024,Medium,71.3
4.2,95.1,76.7,5,4,6.9,83.5,16,2024,High,84.9
7.3,96.7,30.3,4,1,6.3,99.8,18,2024,Low,47.3
7.8,86.7,69.8,4,1,6.8,57.5,18,2024,High,64.8
7.8,95.3,100.0,2,2,7.4,81.1,17,2024,High,65.4
8.3,96.0,85.9,4,1,7.0,89.6,16,2024,High,87.1
4.6,84.6,60.0,1,3,7.2,52.4,18,2024,Low,62.6
5.3,71.5,76.7,4,3,4.8,59.3,15,2024,Medium,60.7
6.6,87.0,61.7,4,1,6.8,100.0,15,2024,Medium,70.2
4.9,69.5,84.2,3,3,4.3,57.4,18,2024,Medium,72.6
3.1,74.7,55.0,3,4,6.5,71.7,18,2024,Low,55.4
4.7,85.6,87.3,3,4,9.2,41.7,17,2024,Medium,75.0
10.1,78.9,82.7,4,2,8.1,63.9,17,2024,High,74.5
4.1,98.4,78.3,4,1,5.3,92.0,19,2024,Medium,70.4
4.0,70.8,100.0,4,3,6.3,95.3,15,2024,Medium,75.0
4.6,50.2,84.1,4,3,6.8,92.3,16,2024,Medium,67.9
7.4,98.3,84.3,4,3,7.6,77.4,18,2024,High,74.6
6.9,80.7,86.0,2,4,8.0,58.6,16,2024,Medium,78.8
7.8,81.3,79.4,4,3,9.0,85.4,16,2024,High,80.1
12.0,69.0,75.4,4,2,5.9,70.1,17,2024,High,81.4
8.1,53.6,57.2,3,2,7.3,49.1,18,2024,Medium,64.1
8.2,68.5,57.4,3,2,4.9,78.5,16,2024,Low,59.1
12.0,88.0,74.9,5,0,7.5,100.0,17,2024,High,85.4
7.2,77.2,77.7,4,3,7.6,98.0,17,2024,High,69.1
5.0,75.3,68.3,5,0,7.0,99.2,16,2024,Medium,62.7
5.2,56.2,60.3,4,0,7.8,83.5,17,2024,Low,60.7
8.6,100.0,65.8,1,2,6.0,61.3,18,2024,Medium,67.3
2.9,79.2,67.2,2,4,5.4,88.6,18,2024,Low,60.7
1.1,100.0,72.4,4,2,5.9,80.7,17,2024,Low,68.1
3.9,85.1,64.4,4,1,7.4,73.4,15,2024,Low,64.4
8.0,100.0,86.7,2,4,8.6,90.0,15,2024,High,74.3
7.5,70.0,66.2,1,2,6.0,86.2,15,2024,Low,59.3
5.6,58.8,57.7,3,2,6.2,66.8,18,2024,Low,51.5
8.7,77.4,66.7,2,3,7.1,66.0,18,2024,Medium,70.2
7.5,87.8,50.4,5,2,11.1,57.3,18,2024,High,68.2
6.9,89.4,100.0,5,3,6.5,82.6,16,2024,High,83.7
6.0,85.5,78.5,4,1,8.2,94.3,15,2024,High,71.0
8.2,100.0,67.8,2,1,6.8,67.4,18,2024,High,60.3
7.9,85.5,90.7,2,2,6.4,58.8,19,2024,Medium,76.9
5.3,75.7,64.7,2,2,5.4,87.1,17,2024,Medium,58.8
8.0,76.7,67.5,3,3,6.6,100.0,18,2024,Medium,60.3
4.4,68.7,56.7,2,3,8.0,100.0,18,2024,Low,50.9
6.6,84.1,53.0,5,4,6.0,100.0,18,2024,High,68.4
7.0,95.1,71.4,5,3,7.1,77.1,15,2024,High,74.9
5.2,99.7,85.0,2,2,6.0,61.8,19,2024,Low,64.1
6.3,75.8,53.9,2,3,6.5,88.9,18,2024,Low,54.0
7.5,79.3,64.2,3,2,5.2,76.7,18,2024,Low,54.6
3.3,71.0,64.7,4,4,9.8,74.4,19,2024,Low,55.2
6.5,93.6,80.3,4,3,7.4,100.0,17,2024,High,65.5
11.5,62.7,61.1,4,1,6.6,100.0,15,2024,High,70.8
3.9,69.9,80.0,5,0,8.5,89.5,18,2024,Medium,71.2
8.6,21.8,79.4,1,2,6.9,76.3,15,2024,Low,60.7
5.8,63.5,57.4,2,2,7.6,78.1,18,2024,Medium,69.4
9.0,71.7,63.3,2,1,8.9,50.2,17,2024,Low,54.2
4.2,72.8,69.3,1,3,8.8,96.8,15,2024,Low,58.7
6.0,61.9,61.0,4,2,5.6,100.0,17,2024,Medium,67.3
11.5,64.2,53.7,3,0,7.0,64.2,18,2024,Medium,61.1
5.6,97.7,91.7,3,1,8.5,66.7,15,2024,Medium,71.7
7.6,69.1,39.5,4,3,5.7,95.6,15,2024,Medium,57.2
7.5,54.7,71.7,4,3,6.7,72.2,17,2024,Medium,65.6
0.9,65.4,89.8,3,1,6.6,98.4,15,2024,Low,69.1
7.1,65.6,55.1,3,2,7.6,63.9,19,2024,Medium,55.6
2.9,79.0,68.4,3,0,8.0,72.4,18,2024,Low,44.0
7.6,85.0,82.4,5,5,8.4,87.3,17,2024,High,82.6
6.3,61.0,19.3,3,2,7.1,72.2,15,2024,Low,47.9
3.2,84.2,67.2,2,4,5.8,71.1,17,2024,Low,64.3
3.0,99.6,42.8,4,3,6.6,70.7,17,2024,Medium,47.5
5.8,94.2,83.4,2,2,5.7,90.5,17,2024,Medium,72.7
12.0,88.1,55.3,3,3,6.2,95.3,19,2024,High,74.0
10.1,85.7,96.6,3,2,7.9,86.9,18,2024,High,81.9
6.9,75.6,52.7,2,5,5.3,65.4,16,2024,Medium,54.1
7.3,99.9,75.2,5,3,6.3,100.0,17,2024,High,70.9
7.5,86.0,54.0,3,2,8.1,82.6,17,2024,Medium,56.9
4.7,68.7,64.2,2,3,7.8,96.9,19,2024,Low,68.3
4.3,77.9,67.9,4,1,6.0,54.8,17,2024,Medium,65.5
8.1,70.5,68.4,3,2,5.9,99.0,17,2024,High,65.5
4.5,78.1,94.5,3,3,8.9,71.3,17,2024,Medium,69.7
9.6,97.0,90.8,3,0,7.4,70.0,16,2024,High,76.5
2.6,77.5,56.0,4,2,6.0,85.3,15,2024,Low,50.5
3.7,68.9,68.7,2,3,7.0,41.1,16,2024,Low,58.3
9.5,94.6,49.4,3,5,8.3,84.3,16,2024,High,69.7
5.3,97.9,45.7,4,4,5.9,73.0,16,2024,Medium,60.0
5.7,69.0,57.3,3,3,5.9,100.0,18,2024,Medium,49.0
7.6,100.0,94.9,3,2,7.3,82.9,15,2024,High,85.2
8.9,93.5,41.0,5,3,5.4,60.1,19,2024,High,58.7
7.5,72.3,77.2,4,2,6.2,63.6,15,2024,Medium,72.2
6.7,97.1,75.4,4,2,6.5,33.7,15,2024,High,84.0
8.0,62.8,56.1,4,1,4.0,100.0,19,2024,Medium,52.7
7.0,73.3,78.3,3,5,7.1,32.9,19,2024,Medium,70.8
8.7,64.7,78.2,5,2,7.7,68.3,16,2024,High,78.3
12.0,66.3,67.4,2,3,9.3,91.3,15,2024,High,72.7
7.3,91.9,65.6,4,1,7.7,100.0,16,2024,Medium,53.8
3.9,79.8,64.1,1,2,5.8,100.0,17,2024,Low,54.7
8.6,64.4,54.5,2,5,6.5,76.2,16,2024,Low,53.3
5.6,71.7,70.6,4,3,9.2,87.0,16,2024,High,76.7
6.8,70.7,59.9,4,4,7.5,72.5,18,2024,High,75.1
6.9,83.5,70.6,1,2,8.3,50.0,18,2024,Medium,63.4
4.5,100.0,58.2,3,0,6.3,59.2,19,2024,Low,48.5
5.1,82.9,57.5,2,2,6.7,47.1,17,2024,Low,50.1
0.2,83.8,59.3,5,2,6.9,83.7,16,2024,Low,56.4
5.7,100.0,88.3,3,2,8.1,71.8,17,2024,High,70.0
7.4,72.4,46.0,3,2,6.5,74.6,18,2024,Medium,58.3
6.0,98.7,96.4,4,1,7.7,90.1,15,2024,High,80.3
4.8,74.1,80.3,4,4,7.0,82.5,19,2024,High,76.0
6.9,75.0,43.0,5,4,5.5,89.9,16,2024,High,61.8
3.6,75.4,58.7,5,1,7.0,100.0,16,2024,Medium,69.0
3.4,78.5,42.0,3,3,8.3,63.7,16,2024,Low,52.6
7.3,77.6,78.3,4,2,7.0,44.3,19,2024,High,74.1
7.5,85.0,88.4,3,1,6.6,67.6,16,2024,Medium,73.9
7.3,74.1,71.7,4,4,8.7,74.3,16,2024,High,63.1
5.2,81.4,87.5,4,1,7.5,85.8,18,2024,High,75.8
8.7,57.4,70.9,2,3,5.3,91.0,19,2024,Low,65.8
3.2,91.0,83.5,5,2,6.7,58.8,15,2024,High,72.8
5.3,95.8,72.7,2,3,7.3,56.2,17,2024,Medium,74.3
7.9,83.1,68.2,3,3,7.3,100.0,19,2024,High,66.1
8.1,90.5,80.4,3,3,7.6,83.7,18,2024,High,71.3
4.1,68.3,65.5,4,2,6.8,84.4,19,2024,Low,57.9
11.4,100.0,91.3,5,0,6.7,82.8,19,2024,High,85.9
5.7,82.7,63.0,3,1,7.0,80.7,16,2024,Medium,58.3
6.2,57.5,77.1,4,3,8.0,74.0,16,2024,Low,57.8
8.4,97.0,56.7,2,2,6.2,65.2,19,2024,Medium,57.1
9.9,90.0,42.8,3,2,6.9,68.3,18,2024,High,65.9
6.2,100.0,73.7,5,2,7.3,100.0,16,2024,High,78.2
8.9,100.0,39.1,5,1,6.4,100.0,18,2024,Medium,53.8
4.9,98.8,100.0,3,3,7.6,94.7,16,2024,High,77.8
10.2,86.6,62.3,4,2,7.4,76.8,17,2024,High,65.7
6.1,90.0,66.8,1,3,4.5,88.2,16,2024,Low,54.3
6.8,64.9,63.0,3,2,7.0,52.4,17,2024,Medium,63.8
5.1,76.1,70.3,4,1,8.7,95.9,19,2024,Medium,61.0
6.5,100.0,73.4,3,1,8.8,73.7,18,2024,Medium,67.2
4.2,55.8,54.6,5,2,7.8,78.3,17,2024,Low,65.1
5.8,84.3,27.1,4,1,8.5,79.8,16,2024,Low,49.4
6.0,79.4,50.4,4,2,6.8,74.8,15,2024,Low,57.8
3.4,91.9,60.2,1,0,7.7,92.5,18,2024,Low,57.5
4.6,82.8,72.5,2,3,7.2,100.0,17,2024,Medium,62.5
0.8,97.0,70.9,4,0,7.8,93.4,16,2024,Low,63.5
2.9,80.2,80.1,4,4,9.2,79.2,19,2024,Medium,70.8
6.0,90.8,41.7,4,0,8.2,58.8,17,2024,Low,47.9
8.4,85.1,53.7,1,3,6.6,78.7,17,2024,Low,45.0
5.1,75.9,60.9,3,3,8.9,76.6,16,2024,Medium,55.2
5.9,73.9,92.4,4,2,7.3,92.8,18,2024,High,70.6
8.9,97.9,100.0,4,1,7.8,66.4,18,2024,High,89.5
8.1,88.7,46.4,4,1,6.7,62.0,18,2024,High,56.8
8.0,93.9,85.5,4,3,7.9,83.4,15,2024,High,90.8
6.3,97.6,69.4,5,2,7.5,94.6,15,2024,High,76.2
4.8,72.8,76.9,4,2,8.4,80.8,17,2024,Medium,73.1
7.0,76.2,46.8,3,1,6.4,95.4,15,2024,Low,49.3
9.2,75.2,89.7,3,2,8.1,55.0,16,2024,High,65.6
10.5,94.4,32.5,3,2,4.1,86.5,16,2024,Medium,60.2
12.0,81.3,47.0,3,1,6.3,54.9,16,2024,Medium,56.7
9.8,82.6,63.7,2,5,5.4,100.0,19,2024,High,71.9
6.1,65.2,58.5,4,3,7.4,100.0,18,2024,Medium,66.1
3.0,91.5,68.4,3,2,8.2,84.9,15,2024,Low,55.4
7.5,92.0,57.0,4,2,7.0,49.1,17,2024,High,58.6
8.7,87.9,62.3,3,2,8.6,53.2,15,2024,Medium,64.9
0.0,82.3,65.0,2,1,6.1,100.0,19,2024,Low,43.7
2.3,94.6,64.4,5,2,5.3,57.2,17,2024,Low,60.4
4.9,79.3,70.4,2,1,7.9,87.0,17,2024,Low,63.0
4.1,99.9,82.3,5,2,8.4,100.0,16,2024,High,75.0
2.0,90.0,55.9,3,4,7.1,79.9,17,2024,Low,48.1
7.0,62.3,89.6,1,2,9.2,56.5,17,2024,Low,74.8
9.1,78.1,68.8,2,0,7.6,46.0,17,2024,Medium,60.7
5.5,84.5,88.2,3,3,7.5,84.9,15,2024,High,73.7
1.8,70.2,62.5,1,5,6.5,58.1,16,2024,Low,55.5
6.5,95.1,54.1,5,1,5.4,78.0,16,2024,High,62.3
3.2,52.3,69.3,4,3,6.7,58.8,15,2024,Low,57.0
3.5,91.3,100.0,3,3,8.9,67.2,16,2024,High,90.1
8.4,89.7,46.2,5,3,7.2,67.8,16,2024,High,61.8
9.0,52.2,78.8,3,3,6.5,73.3,18,2024,High,80.1
5.3,81.4,70.8,5,4,5.9,64.7,17,2024,Medium,67.2
7.8,73.9,74.5,4,0,7.6,83.1,19,2024,High,71.9
3.3,99.8,48.7,4,0,5.7,96.0,16,2024,Low,50.3
7.3,68.3,75.3,3,1,7.4,71.5,18,2024,Medium,63.6
5.0,91.2,72.7,4,0,6.4,82.7,18,2024,Medium,72.6
2.7,94.0,44.3,5,1,6.7,61.2,17,2024,Low,57.9
3.7,74.5,70.1,2,3,7.8,49.8,17,2024,Low,54.0
7.0,98.2,64.1,3,4,5.9,85.2,17,2024,High,62.8
2.3,74.2,62.3,4,2,7.0,93.8,16,2024,Low,60.2
5.3,98.7,67.3,4,5,5.2,43.6,16,2024,High,78.6
8.7,100.0,85.4,2,2,6.9,76.4,16,2024,High,78.4
4.8,93.0,75.3,4,1,7.6,85.8,18,2024,Medium,67.0
2.1,88.6,51.3,5,3,7.9,83.2,17,2024,Medium,56.7
5.3,73.4,76.0,2,2,8.4,67.4,16,2024,Low,55.9
7.7,100.0,67.3,5,0,7.8,78.9,17,2024,High,59.4
2.8,92.4,58.1,3,5,6.5,94.7,15,2024,Low,64.2
9.0,73.6,48.2,3,2,4.8,62.5,15,2024,Low,41.3
7.9,100.0,80.9,1,3,8.2,100.0,18,2024,Medium,69.6
6.9,81.5,58.9,3,5,6.4,53.0,19,2024,Medium,53.7
7.4,89.5,82.5,5,3,5.3,94.2,16,2024,High,73.6
6.3,74.3,50.8,2,2,9.2,79.0,17,2024,Low,57.7
6.8,66.9,99.9,4,0,6.9,68.7,16,2024,High,67.6
6.2,67.6,100.0,3,1,7.6,44.8,17,2024,High,80.0
8.2,74.7,76.7,1,2,7.3,99.4,17,2024,Low,68.9
9.2,87.2,88.7,5,5,7.0,61.2,16,2024,High,85.8
3.9,75.8,60.7,4,4,6.5,77.5,17,2024,Medium,77.9
4.2,68.9,59.2,4,0,6.3,86.5,16,2024,Low,44.1
5.0,66.7,87.1,4,5,9.7,100.0,19,2024,High,69.6
4.5,97.7,70.4,2,1,5.3,71.6,16,2024,Low,60.3
8.8,78.3,46.0,3,3,6.5,78.9,16,2024,Medium,58.7
2.3,52.6,69.2,3,1,5.9,85.5,19,2024,Low,52.6
7.4,79.9,48.5,5,1,7.6,80.1,16,2024,Low,60.7
9.5,74.2,65.0,4,2,6.5,64.3,17,2024,High,61.2
4.6,82.9,84.8,3,3,6.4,100.0,16,2024,Medium,63.1
9.7,72.1,91.4,3,2,7.8,69.7,15,2024,High,74.2
8.9,98.0,72.4,5,4,9.3,86.4,19,2024,High,87.6
5.1,77.9,89.4,2,4,6.0,74.1,16,2024,High,78.9
8.0,77.1,60.6,3,1,5.1,67.1,17,2024,Medium,60.6
3.9,75.6,95.2,3,3,7.1,96.9,18,2024,Medium,69.1
3.2,86.6,56.4,5,1,8.0,82.7,17,2024,Low,57.2
4.8,85.5,55.1,4,2,6.7,38.7,18,2024,Low,57.9
9.4,74.5,60.6,4,3,7.8,83.4,18,2024,High,69.4
4.9,80.3,56.0,3,2,6.3,66.7,16,2024,Low,48.3
6.1,76.5,76.3,3,4,9.9,49.4,17,2024,High,64.2
3.5,91.9,88.0,3,2,7.7,95.2,16,2024,Medium,68.3
8.2,62.0,68.2,5,2,6.4,64.3,15,2024,High,76.3
8.1,75.2,73.0,5,5,6.1,82.7,19,2024,High,68.2
4.2,77.3,45.9,3,2,7.3,94.6,15,2024,Low,54.4
0.2,99.5,69.5,3,3,7.8,73.6,17,2024,Low,47.8
5.1,96.5,96.3,5,2,5.4,82.5,15,2024,High,83.6
7.1,85.5,90.6,3,1,7.0,65.7,19,2024,High,70.4
6.0,66.1,50.5,1,2,7.9,97.9,15,2024,Low,40.8
6.2,80.8,61.0,3,0,7.4,74.7,18,2024,Low,53.7
6.9,100.0,100.0,4,3,7.7,87.7,18,2024,High,81.9
4.7,77.9,74.7,5,2,8.8,100.0,15,2024,High,70.0
2.9,81.8,92.2,3,1,4.0,44.7,18,2024,Low,67.6
7.8,82.6,93.5,3,3,7.3,65.7,19,2024,High,81.3
3.8,68.1,50.1,3,3,4.2,74.9,17,2024,Low,39.7
3.0,68.7,79.6,1,3,6.9,80.3,16,2024,Low,61.0
7.3,68.7,71.0,5,2,8.6,89.1,17,2024,High,71.2
3.2,75.8,95.9,1,3,6.8,100.0,15,2024,Low,66.6
4.0,86.2,99.4,1,2,5.9,64.6,19,2024,Low,64.2
10.0,82.4,54.7,4,2,8.0,74.4,16,2024,High,64.2
10.0,87.1,100.0,2,3,7.2,98.2,17,2024,High,91.0
9.0,100.0,70.7,3,3,7.2,84.1,17,2024,High,78.4
7.9,100.0,78.1,3,3,9.6,47.4,15,2024,High,82.0
8.9,81.3,25.6,4,5,5.2,45.9,15,2024,High,51.1
10.9,92.9,84.1,3,3,6.2,69.2,17,2024,High,79.5
8.7,89.2,33.5,5,2,7.5,87.9,17,2024,Medium,46.7
6.6,95.1,65.7,3,2,8.5,87.6,19,2024,Medium,61.1
8.2,94.6,59.2,5,0,5.8,61.9,16,2024,Medium,69.3
4.8,72.6,75.5,3,1,6.5,89.9,16,2024,Low,57.2
6.4,100.0,70.9,3,1,6.9,82.5,19,2024,High,66.1
6.5,100.0,77.4,5,5,6.8,58.5,15,2024,High,83.8
5.7,93.5,87.9,4,3,7.8,67.2,17,2024,High,74.4
5.2,89.6,51.9,2,1,6.9,43.0,15,2024,Low,53.5
9.2,85.6,64.7,4,2,7.8,56.6,19,2024,High,65.7
3.6,82.9,54.5,3,1,5.6,44.1,16,2024,Low,55.1
6.4,91.0,53.3,3,1,7.2,50.2,18,2024,Low,55.8
2.8,83.6,98.9,4,3,7.0,100.0,19,2024,Medium,70.8
1.0,85.3,47.7,4,2,8.0,70.8,18,2024,Low,56.9
9.0,80.3,54.8,3,4,10.0,46.1,17,2024,High,73.6
9.2,78.1,100.0,1,1,8.1,85.5,19,2024,High,80.1
4.8,100.0,66.0,3,2,6.2,83.2,17,2024,Medium,57.8
6.1,82.9,67.0,3,2,7.8,81.5,18,2024,High,71.0
5.3,76.0,74.4,1,4,6.9,62.3,16,2024,Medium,68.0
5.3,84.1,48.7,2,2,6.6,89.2,17,2024,Low,44.9
4.8,64.8,53.2,4,2,6.4,58.2,17,2024,Low,49.9
7.2,94.9,58.1,3,1,6.3,92.3,15,2024,Low,50.4
5.0,81.9,84.7,3,1,5.6,93.9,19,2024,Medium,66.2
7.0,77.2,78.7,5,5,5.4,76.8,15,2024,High,81.5
10.2,75.7,57.9,4,3,7.8,51.6,18,2024,High,66.1
7.0,59.7,65.9,3,2,6.6,92.4,15,2024,Medium,56.2
6.3,100.0,80.5,3,3,7.2,67.5,15,2024,High,73.7
4.6,84.5,29.8,3,1,6.0,82.9,17,2024,Low,43.4
6.0,100.0,72.8,4,2,7.7,90.4,17,2024,High,79.3
1.8,78.2,80.1,1,0,6.2,63.4,15,2024,Low,41.8
9.8,88.3,53.3,4,3,5.4,100.0,16,2024,High,65.5
3.6,92.2,78.4,4,5,8.9,77.2,16,2024,High,81.4
1.2,88.7,68.2,4,4,7.2,65.9,18,2024,Low,55.7
5.7,75.6,97.0,3,1,6.6,96.0,18,2024,High,70.8
6.9,57.1,59.6,3,3,6.8,100.0,18,2024,Medium,57.4
9.3,100.0,77.5,3,2,6.6,40.8,19,2024,High,80.3
6.6,71.6,44.5,5,4,7.6,53.1,18,2024,Medium,62.1
8.3,100.0,69.2,2,1,5.1,64.0,16,2024,Medium,59.6
8.3,73.4,81.0,4,0,4.8,100.0,19,2024,High,72.3
8.1,100.0,59.6,5,4,7.1,69.4,15,2024,High,70.0
3.2,90.1,85.9,5,1,4.9,100.0,16,2024,High,77.7
7.3,90.7,82.7,3,2,4.7,82.0,16,2024,High,73.3
2.5,73.1,70.3,4,2,8.1,51.9,16,2024,Low,59.8
11.0,76.2,63.7,4,3,7.2,93.9,15,2024,High,71.8
7.7,76.4,18.7,5,3,7.2,83.7,17,2024,Medium,58.6
4.4,83.8,57.6,2,3,5.7,62.5,17,2024,Low,52.2
6.9,78.8,85.6,4,0,8.7,66.1,17,2024,High,71.5
3.5,74.3,63.6,4,4,8.2,59.1,16,2024,Medium,68.0
2.1,68.6,75.2,3,2,5.4,66.8,18,2024,Low,61.7
8.2,70.0,60.6,4,1,6.9,89.9,16,2024,Medium,57.4
3.5,87.5,45.2,3,1,6.5,61.7,18,2024,Low,30.0
5.5,70.2,80.0,2,4,6.9,79.5,16,2024,Low,68.5
6.5,64.6,48.3,3,0,8.3,83.6,16,2024,Low,45.1
5.5,82.0,63.8,3,3,6.5,77.0,18,2024,Medium,61.4
3.4,49.5,73.8,3,4,8.2,48.9,15,2024,Low,65.7
6.2,79.9,57.1,5,1,4.9,91.5,19,2024,Medium,58.4
6.4,81.1,93.1,2,3,6.3,57.0,16,2024,Medium,67.8
8.2,87.9,99.6,3,1,6.5,67.6,19,2024,High,70.7
12.0,84.8,55.0,3,0,6.4,69.7,18,2024,Medium,73.8
1.1,62.1,55.7,3,3,7.0,77.4,19,2024,Low,56.1
4.0,77.4,61.0,5,3,7.2,79.7,15,2024,Medium,67.8
6.6,89.1,86.4,2,1,7.3,90.3,18,2024,Medium,63.1
8.5,85.9,75.8,4,2,8.1,72.4,18,2024,High,63.9
6.9,69.1,80.0,3,2,7.9,56.1,19,2024,Medium,71.9
8.8,85.8,89.0,4,0,5.2,97.6,15,2024,High,81.0
2.3,92.8,53.5,4,2,7.2,70.8,15,2024,Low,52.5
5.2,66.3,76.0,4,2,6.3,74.7,18,2024,High,63.0
9.7,52.6,68.8,5,1,8.0,60.0,15,2024,Medium,72.4
3.8,100.0,74.9,5,3,8.6,62.4,15,2024,High,83.0
0.0,84.4,86.4,5,0,8.0,100.0,17,2024,Low,69.8
4.0,73.6,65.6,4,2,9.3,53.2,17,2024,Low,55.6
7.1,73.1,56.9,4,2,7.9,55.9,17,2024,Medium,68.7
5.8,82.1,51.2,2,2,8.2,69.7,15,2024,Low,58.0
2.8,94.6,96.1,2,4,6.0,83.7,17,2024,Medium,81.1
4.2,58.9,67.3,3,3,7.0,60.6,16,2024,Low,57.2
2.7,74.4,46.1,4,1,7.8,49.6,18,2024,Low,55.6
3.0,100.0,90.1,3,4,7.3,56.0,16,2024,High,72.5
3.8,91.5,40.6,3,2,5.9,70.5,16,2024,Low,45.3
6.3,90.4,43.2,4,2,5.9,60.0,17,2024,Medium,61.1
0.0,85.7,62.9,3,2,4.8,100.0,17,2024,Low,51.5
9.4,84.3,59.3,3,1,7.4,100.0,15,2024,High,67.6
5.7,73.4,73.0,3,4,5.8,99.0,17,2024,Medium,61.9
3.2,72.2,37.2,5,2,7.8,84.8,17,2024,Low,39.1
3.6,91.3,73.2,3,2,7.9,84.8,17,2024,Medium,62.9
4.4,72.4,88.5,3,1,7.3,100.0,18,2024,Medium,73.3
6.0,84.0,52.3,2,3,7.5,80.4,15,2024,Low,50.7
6.4,82.1,61.9,3,5,8.2,63.2,19,2024,Medium,70.0
5.5,100.0,55.2,3,4,8.4,100.0,16,2024,High,66.4
4.1,77.8,73.1,4,1,4.3,88.4,17,2024,Medium,72.9
6.0,96.4,50.8,4,3,7.8,100.0,15,2024,High,57.0
0.8,89.9,48.8,4,1,7.6,100.0,18,2024,Low,53.1
3.0,78.4,65.6,4,0,7.4,46.1,17,2024,Low,57.4
4.3,62.6,73.4,3,2,7.6,62.4,19,2024,Medium,67.4
2.6,79.3,70.4,5,3,6.6,74.3,17,2024,Medium,66.7
5.5,92.6,61.0,4,1,4.1,87.0,18,2024,High,69.7
2.7,62.9,78.7,3,3,6.3,94.5,15,2024,Low,57.0
10.3,91.7,71.7,3,3,4.8,76.9,15,2024,High,72.7
2.4,98.8,49.3,3,1,5.0,100.0,19,2024,Low,47.8
9.8,81.3,25.2,4,2,8.3,89.0,16,2024,High,53.2
1.0,92.8,76.3,3,2,6.3,88.7,19,2024,Medium,66.1
11.0,82.0,63.9,4,3,7.3,73.0,15,2024,High,74.1
7.5,88.0,50.2,3,3,7.0,83.7,17,2024,Medium,54.4
8.0,100.0,94.0,2,3,8.6,83.6,17,2024,High,85.8
2.6,58.2,93.8,1,3,7.1,95.3,19,2024,Low,68.7
5.2,69.3,88.4,5,3,6.3,54.3,17,2024,High,76.1
5.4,97.5,71.6,3,2,8.8,90.6,15,2024,High,65.3
5.7,100.0,17.4,4,2,6.4,48.4,17,2024,Low,52.8
9.2,60.3,86.8,4,2,7.5,62.6,18,2024,High,75.5
7.7,100.0,53.3,3,4,7.6,88.9,15,2024,High,69.5
5.6,44.0,59.1,3,2,5.5,62.9,15,2024,Low,48.1
8.5,88.8,82.4,4,5,8.1,78.5,18,2024,High,82.0
9.0,83.1,100.0,4,1,8.6,61.4,18,2024,High,80.3
4.6,69.7,92.7,3,2,5.6,88.8,16,2024,Medium,75.8
4.5,70.6,70.8,5,1,7.0,78.9,17,2024,Medium,71.8
11.4,71.1,79.8,3,2,8.6,77.6,15,2024,High,76.8
5.4,77.1,50.3,3,3,5.0,97.8,18,2024,Medium,55.4
4.4,100.0,42.0,2,3,7.8,85.5,16,2024,Medium,59.5
5.6,91.5,85.3,4,0,5.5,86.9,16,2024,Medium,74.5
8.7,100.0,73.2,1,5,6.6,98.0,17,2024,High,64.9
7.8,75.5,44.8,4,4,6.7,99.8,19,2024,Medium,57.3
5.7,83.2,67.2,3,4,5.6,60.9,15,2024,High,79.8
7.5,65.0,77.9,3,2,5.9,91.3,15,2024,High,71.7
6.6,76.1,82.5,4,2,6.9,85.8,16,2024,High,76.8
5.6,72.3,78.1,4,1,8.7,100.0,19,2024,Medium,70.0
5.2,86.8,62.2,3,2,7.6,54.8,18,2024,Medium,61.1
6.4,70.1,54.4,4,1,5.0,65.6,19,2024,Low,60.1
5.0,68.3,69.9,4,4,7.6,74.5,16,2024,Medium,69.0
6.2,85.5,80.8,4,2,7.0,100.0,16,2024,High,80.7
5.9,79.3,82.5,3,1,6.2,72.8,16,2024,Medium,62.3
2.4,70.2,93.3,4,4,6.5,77.3,18,2024,Medium,75.9
4.7,68.1,68.6,4,0,7.6,65.7,16,2024,Low,63.4
5.4,70.2,50.2,4,4,5.1,92.1,17,2024,Medium,51.4
10.6,91.4,85.4,3,1,6.2,90.2,16,2024,High,76.7
5.6,85.8,69.3,3,3,5.6,68.2,17,2024,Medium,66.5
6.7,69.4,47.5,2,3,6.0,59.2,16,2024,Low,50.4
11.4,70.0,78.0,4,3,7.4,91.9,16,2024,High,72.7
2.1,63.9,90.6,2,2,7.1,87.2,17,2024,Low,66.1
2.2,74.5,74.1,2,2,7.8,66.1,16,2024,Low,55.0
4.1,81.7,90.8,5,1,4.3,90.5,18,2024,High,85.3
5.2,67.7,60.2,2,4,6.7,89.5,17,2024,Low,61.3
5.4,100.0,56.4,2,2,6.9,100.0,16,2024,Medium,61.1
4.7,88.7,81.7,5,3,5.0,93.2,16,2024,High,70.0
2.9,79.5,62.4,3,3,6.2,71.9,15,2024,Low,58.3
8.4,81.2,87.3,5,3,7.0,64.3,16,2024,High,76.4
4.9,60.5,70.7,3,5,7.4,100.0,17,2024,High,68.7
9.0,63.2,87.5,3,2,7.4,68.8,16,2024,High,74.3
3.5,98.5,78.1,2,3,4.6,45.0,15,2024,Low,59.6
10.9,100.0,53.6,5,3,6.2,56.3,16,2024,High,69.5
1.8,49.0,36.1,4,0,5.2,41.5,17,2024,Low,28.7
6.0,86.6,80.5,3,5,7.0,100.0,17,2024,High,79.4
3.5,99.3,77.0,4,1,6.5,100.0,16,2024,Medium,71.7
6.1,75.2,51.7,2,3,6.2,82.5,18,2024,Low,52.5
3.6,100.0,80.8,3,5,10.8,49.1,17,2024,High,76.1
0.6,90.7,90.2,3,3,5.7,99.6,17,2024,Low,72.0
4.0,86.3,56.7,5,1,7.0,86.4,15,2024,Medium,53.6
10.0,76.6,37.1,3,2,7.6,100.0,17,2024,Medium,60.7
3.5,81.3,83.5,5,2,7.4,88.6,17,2024,High,76.4
7.3,73.7,88.4,4,2,7.7,53.1,15,2024,High,68.8
6.0,84.2,56.3,3,3,7.4,89.9,16,2024,Medium,57.7
4.9,83.5,80.4,4,3,6.6,50.0,16,2024,High,65.6
11.1,73.9,73.3,4,4,7.0,64.1,15,2024,High,82.5
5.2,52.7,66.2,1,0,6.2,96.6,17,2024,Low,48.5
6.4,77.3,77.3,3,1,6.1,95.7,16,2024,Medium,66.8
6.2,65.7,60.0,4,2,5.4,61.0,16,2024,Medium,68.9
9.9,64.3,50.4,3,0,7.9,57.5,16,2024,Low,61.6
2.3,70.3,74.5,1,2,8.3,78.5,17,2024,Low,49.8
11.6,91.6,72.3,1,2,6.3,100.0,17,2024,Medium,69.8
9.8,64.4,27.3,4,2,6.9,88.1,17,2024,High,65.6
7.0,67.6,49.1,2,1,8.9,100.0,16,2024,Low,50.1
7.5,89.9,57.2,2,2,8.3,75.0,18,2024,Low,63.6
5.4,69.3,76.4,3,2,8.1,93.9,15,2024,Medium,67.3
6.4,64.2,43.6,2,3,7.3,72.3,18,2024,Low,44.2
7.0,91.3,62.9,1,3,6.2,63.6,16,2024,Medium,68.7
3.7,78.2,99.0,5,2,6.4,60.9,16,2024,High,75.2
9.8,80.9,69.1,3,2,7.3,84.4,17,2024,High,68.5
6.6,76.9,70.1,4,0,7.5,100.0,17,2024,Medium,61.8
6.4,85.9,67.0,5,0,5.8,72.1,17,2024,High,73.4
3.8,89.6,83.7,5,4,8.5,100.0,19,2024,High,82.1
8.9,78.3,68.7,4,3,8.7,100.0,18,2024,High,72.6
5.9,59.0,64.5,5,0,8.0,93.6,16,2024,Low,59.7
4.7,84.2,70.4,3,4,8.8,83.9,17,2024,Medium,67.9
3.3,75.2,89.2,4,3,7.8,65.9,18,2024,Medium,76.6
5.6,92.0,74.4,5,3,7.3,100.0,16,2024,High,73.4
3.1,67.5,68.9,1,2,7.1,57.5,15,2024,Low,58.5
6.9,75.6,86.8,3,1,6.6,88.9,19,2024,Medium,76.8
7.9,59.3,59.6,4,2,7.0,54.8,19,2024,Medium,57.2
5.0,91.0,16.8,3,2,5.8,59.0,16,2024,Low,45.7
6.6,97.2,75.2,1,3,6.9,76.9,16,2024,Medium,70.8
9.1,73.2,75.0,4,3,5.6,90.7,16,2024,High,66.6
5.6,77.3,58.0,2,3,6.0,96.1,17,2024,Low,58.0
5.7,68.7,63.7,3,2,8.5,78.1,18,2024,Low,58.3
6.0,70.0,88.1,5,3,8.4,70.5,17,2024,High,68.3
4.9,89.7,75.3,3,1,6.0,63.8,16,2024,Medium,51.3
5.1,72.9,91.6,5,5,8.0,90.6,17,2024,High,90.6
4.1,86.7,72.3,3,1,6.3,89.9,17,2024,Low,62.1
7.1,79.8,65.5,5,3,6.2,81.2,17,2024,High,69.8
5.8,90.5,79.3,5,1,8.7,83.4,17,2024,High,69.4
7.5,74.5,73.9,3,1,5.7,100.0,15,2024,Medium,62.2
8.6,95.2,75.0,5,3,4.9,96.3,17,2024,High,88.9
3.4,100.0,64.3,4,3,6.2,52.5,16,2024,Medium,75.2
3.9,56.2,58.8,3,1,6.3,94.0,17,2024,Low,42.8
7.7,78.7,59.5,3,3,6.6,100.0,15,2024,Medium,63.5
5.4,78.7,76.3,2,1,4.9,63.2,18,2024,Low,68.2
6.2,70.0,78.4,4,5,7.4,95.1,18,2024,High,77.2
6.2,85.7,25.9,3,3,9.3,100.0,17,2024,Low,52.3
3.6,95.7,56.3,3,0,7.4,86.7,18,2024,Low,56.4
7.3,52.4,42.6,4,1,6.7,73.8,17,2024,Low,54.6
6.6,51.3,60.0,3,1,7.8,76.2,17,2024,Low,64.2
3.5,100.0,58.3,3,1,7.1,80.4,17,2024,Medium,62.3
5.6,76.6,70.4,3,2,7.1,49.6,16,2024,High,62.2
5.7,81.3,71.0,3,1,6.9,48.8,19,2024,Medium,61.9
7.9,65.0,100.0,3,2,7.3,82.9,17,2024,High,84.5
8.9,80.6,74.0,5,1,6.5,77.1,19,2024,High,73.6
6.0,99.2,78.2,4,3,5.0,89.9,17,2024,High,74.2
1.8,86.9,45.2,3,2,9.2,72.9,15,2024,Low,42.0
7.8,82.7,62.6,2,3,7.6,79.5,16,2024,Medium,60.1
11.5,55.2,50.7,3,5,6.2,95.1,17,2024,High,64.4
7.8,90.4,77.6,3,2,7.4,37.0,19,2024,High,75.0
5.3,80.1,68.8,5,1,5.6,61.5,17,2024,Medium,62.2
7.0,71.5,62.5,3,5,7.5,68.6,17,2024,High,67.5
8.0,89.0,83.3,5,0,7.9,75.1,15,2024,High,76.3
6.3,68.1,63.7,4,3,8.2,52.5,15,2024,Medium,65.8
9.3,87.9,89.3,3,1,7.7,61.6,15,2024,High,76.2
3.2,97.0,89.1,5,3,6.8,90.6,18,2024,High,84.5
5.0,82.2,57.8,5,2,8.2,86.4,18,2024,Medium,53.2
7.1,74.1,85.8,4,3,6.3,27.7,16,2024,High,71.4
7.7,72.0,69.8,2,3,7.4,73.9,16,2024,Medium,61.6
4.6,85.4,61.7,2,1,6.1,75.4,17,2024,Low,50.4
4.9,74.0,74.3,4,3,7.3,61.6,15,2024,Low,52.4
4.3,100.0,42.6,3,1,8.8,75.4,17,2024,Low,54.7
4.1,60.2,59.4,4,1,7.9,85.1,19,2024,Low,59.4
7.3,78.2,74.7,4,0,8.1,90.9,18,2024,High,71.9
5.9,83.8,63.3,4,1,8.3,79.8,16,2024,Low,56.1
9.2,82.1,85.3,4,3,6.9,89.6,15,2024,High,78.0
3.3,72.1,61.6,3,5,6.0,78.2,17,2024,Medium,60.8
5.6,97.3,69.9,3,3,4.8,36.9,19,2024,Medium,63.5
7.8,89.3,66.1,3,3,5.7,75.6,18,2024,Medium,69.7
6.9,90.4,43.6,3,3,7.1,55.9,16,2024,Medium,53.8
3.3,70.6,74.3,3,4,4.6,80.0,15,2024,Medium,60.2
8.9,74.4,73.1,1,1,7.2,74.0,17,2024,Low,63.3
6.2,86.8,37.1,3,3,7.6,73.9,16,2024,Medium,55.0
10.8,64.6,28.5,4,1,5.1,62.9,16,2024,Medium,54.3
5.7,89.3,60.7,3,2,8.1,70.8,16,2024,High,72.0
8.9,78.6,87.7,2,1,6.5,83.5,18,2024,Medium,67.4
5.1,94.9,100.0,4,0,5.0,61.6,15,2024,Medium,78.4
5.4,74.0,38.9,3,0,5.0,66.8,17,2024,Low,45.3
7.2,100.0,94.0,4,5,6.9,46.5,18,2024,High,87.2
1.7,85.7,86.6,5,0,7.1,83.0,16,2024,Medium,77.5
1.0,87.3,58.7,3,3,7.0,55.0,18,2024,Low,50.7
4.3,70.3,98.1,3,4,8.2,78.5,15,2024,Medium,85.5
2.8,83.5,75.5,4,2,7.1,90.7,17,2024,Medium,69.6
0.4,72.3,64.4,5,3,6.3,100.0,16,2024,Low,54.0
7.9,58.4,39.5,3,2,6.6,72.2,18,2024,Low,44.5
4.0,77.3,69.6,2,2,8.3,89.2,17,2024,Low,65.5
5.1,96.3,68.7,5,4,5.7,77.9,17,2024,High,79.4
6.3,79.1,100.0,3,0,7.2,44.3,16,2024,Medium,80.8
7.3,75.9,52.9,3,1,7.2,51.2,16,2024,Low,54.9
6.7,75.7,53.8,3,1,8.2,93.3,17,2024,Medium,57.2
6.5,100.0,59.8,3,2,7.1,98.8,18,2024,High,59.6
7.2,88.5,100.0,4,3,5.9,39.9,16,2024,High,79.4
4.8,57.7,49.6,4,5,7.2,84.0,18,2024,High,62.9
4.2,72.4,88.9,5,1,7.9,82.8,17,2024,High,83.8
0.2,74.4,43.1,3,0,7.2,63.6,17,2024,Low,42.5
7.6,69.9,74.9,4,1,8.3,63.7,15,2024,Medium,66.2
4.3,80.9,69.6,3,5,5.4,59.0,15,2024,Medium,65.1
11.0,72.0,56.8,5,2,6.8,43.4,17,2024,High,72.4
7.8,72.8,79.5,1,1,7.0,59.0,19,2024,Low,72.5
8.4,82.1,55.2,4,3,7.9,90.5,16,2024,High,64.4
7.8,58.4,42.2,4,1,8.1,71.7,15,2024,Low,51.6
7.3,49.9,63.0,4,2,7.0,91.2,17,2024,Medium,64.4
7.2,97.4,53.3,5,1,6.6,42.0,15,2024,Medium,60.8
7.4,91.7,72.1,4,5,7.2,85.9,16,2024,High,72.9
6.4,85.2,63.4,4,1,5.6,92.0,16,2024,Medium,64.0
4.5,84.3,93.0,4,1,6.4,31.0,15,2024,Medium,66.2
3.1,77.4,62.9,2,3,7.7,68.5,18,2024,Low,51.6
7.1,100.0,72.4,2,0,7.4,84.2,19,2024,Medium,57.5
9.2,82.7,49.4,3,3,6.2,100.0,19,2024,High,64.8
5.7,100.0,61.2,4,2,6.1,53.2,17,2024,Medium,63.2
6.4,100.0,53.4,1,1,6.0,100.0,16,2024,Medium,55.8
2.7,86.5,87.0,4,2,6.1,85.9,18,2024,Medium,72.8
4.9,77.1,55.9,3,5,7.2,60.0,18,2024,Medium,47.1
2.9,80.2,57.6,4,3,8.4,95.9,16,2024,Medium,59.7
3.1,74.4,72.8,3,5,8.6,100.0,17,2024,Medium,68.0
6.2,86.5,56.6,2,4,5.9,72.0,18,2024,Medium,64.7
5.9,89.4,90.6,3,3,7.4,70.5,16,2024,High,84.7
8.0,62.9,99.3,5,2,7.3,60.9,15,2024,High,93.0
7.9,100.0,53.6,3,3,7.3,100.0,17,2024,High,59.4
3.8,69.1,81.5,1,2,5.8,64.9,17,2024,Low,63.4
1.2,42.4,54.5,5,2,6.1,60.6,17,2024,Low,49.4
3.6,78.9,62.3,3,4,7.4,66.8,17,2024,Low,56.3
4.2,63.9,79.0,4,1,6.5,67.0,16,2024,Medium,66.1
7.4,79.3,70.2,5,1,7.1,67.6,17,2024,High,85.6
7.5,81.0,70.7,4,4,5.8,63.8,15,2024,High,71.4
5.9,86.2,85.6,4,3,6.4,65.1,16,2024,High,79.8
7.9,94.1,85.5,3,0,5.4,80.6,17,2024,Medium,76.4
12.0,65.9,68.8,4,1,7.3,100.0,19,2024,High,75.2
5.7,74.9,57.8,5,2,6.6,60.1,17,2024,Medium,60.1
5.4,89.5,68.0,5,3,7.3,54.5,16,2024,High,77.4
3.9,70.8,51.9,4,3,6.6,83.9,17,2024,Low,47.1
6.8,53.7,80.6,2,2,7.3,87.6,18,2024,Medium,68.7
8.8,88.7,65.0,5,1,9.2,100.0,17,2024,High,75.8
4.8,72.1,50.3,3,3,6.4,100.0,15,2024,Low,51.4
5.0,71.2,89.5,3,4,7.6,49.5,17,2024,High,68.5
4.7,81.7,67.8,2,2,6.2,42.0,16,2024,Low,58.0
3.1,80.1,56.0,2,1,6.8,88.2,18,2024,Low,56.0
6.3,94.0,86.3,4,3,7.6,87.7,16,2024,High,81.5
6.4,62.5,88.1,2,0,7.3,100.0,15,2024,Medium,64.9
5.9,100.0,37.8,2,3,7.8,85.1,16,2024,Low,43.7
10.6,60.2,85.7,2,1,8.1,67.9,15,2024,Medium,77.1
7.0,74.6,70.5,3,2,7.8,96.7,18,2024,Medium,61.9
3.2,67.8,83.5,4,3,8.1,59.2,17,2024,Medium,66.3
7.6,80.8,66.9,4,2,7.3,100.0,17,2024,Medium,72.9
5.2,80.3,74.1,4,3,6.1,82.9,16,2024,Medium,58.6
5.2,82.3,63.1,4,2,8.0,64.7,17,2024,Medium,56.3
5.6,83.7,83.9,1,1,6.5,62.0,18,2024,Low,71.1
5.3,98.3,57.3,4,2,7.8,81.5,16,2024,Medium,57.6
6.7,82.2,84.4,4,5,5.5,76.6,15,2024,High,72.6
11.3,99.4,70.9,2,4,6.6,75.5,17,2024,High,71.9
5.1,55.5,80.1,3,2,6.2,54.4,18,2024,Low,63.8
6.2,49.4,51.9,2,1,7.5,75.1,17,2024,Low,52.5
6.6,81.8,74.8,2,2,6.3,92.9,18,2024,Medium,69.9
4.7,84.6,76.5,3,3,7.0,64.4,18,2024,Medium,72.7
5.0,72.5,97.7,1,4,6.8,82.6,15,2024,Medium,69.9
8.5,79.9,79.2,2,3,8.2,98.1,17,2024,High,69.7
4.7,95.1,58.6,2,3,7.6,89.3,18,2024,Low,59.6
3.8,89.4,57.9,2,3,7.3,56.2,17,2024,Low,64.1
10.5,75.4,80.2,1,1,7.0,83.8,17,2024,Medium,68.7
3.0,82.8,59.4,4,4,6.1,100.0,18,2024,Low,53.2
8.2,90.6,59.7,2,1,5.9,87.0,18,2024,Medium,49.9
5.5,62.8,54.3,5,2,7.3,99.2,17,2024,Medium,55.7
3.0,68.7,70.1,5,3,5.3,95.6,15,2024,High,65.1
5.1,92.9,71.5,4,5,7.0,57.5,17,2024,High,66.7
5.4,55.8,62.8,2,2,7.1,100.0,16,2024,Low,58.6
1.9,64.7,95.1,5,2,5.3,100.0,16,2024,Medium,70.5
7.1,63.0,77.1,3,2,6.9,72.9,17,2024,Medium,76.9
6.8,92.8,96.1,2,2,7.0,100.0,17,2024,High,79.4
5.1,64.8,70.1,4,3,9.5,75.7,18,2024,Medium,72.2
7.2,91.1,56.3,3,3,7.0,76.4,16,2024,Medium,62.8
6.5,75.1,52.1,3,5,8.1,61.9,18,2024,Medium,57.5
9.2,100.0,66.0,4,3,7.5,59.4,17,2024,High,75.4
3.3,81.8,80.1,2,1,7.3,80.7,17,2024,Medium,60.3
5.3,94.9,63.2,2,2,8.0,73.4,15,2024,Low,65.5
8.5,86.4,81.7,5,3,5.3,51.2,17,2024,High,72.7
7.4,73.7,90.5,4,3,6.9,84.3,16,2024,High,82.5
0.2,79.8,55.1,3,0,7.3,87.2,18,2024,Low,53.0
1.8,80.1,50.4,4,2,5.8,83.4,18,2024,Low,45.5
6.0,73.5,83.2,2,1,6.9,83.2,15,2024,Low,71.8
10.1,92.4,72.3,5,2,7.1,85.3,17,2024,High,88.0
4.9,100.0,73.2,3,1,6.8,81.0,15,2024,Low,59.3
7.6,81.6,79.2,4,2,5.9,84.3,17,2024,Medium,67.1
6.2,90.0,43.6,5,2,6.1,87.1,19,2024,High,61.7
7.4,87.4,75.1,5,2,6.6,67.5,18,2024,High,78.2
